Workbook

Sheet 操作台
A1: 畅言议程生成器 · 操作台 | B1: 畅言议程生成器 · 操作台 | C1: 畅言议程生成器 · 操作台 | D1: 畅言议程生成器 · 操作台 | E1: 畅言议程生成器 · 操作台 | F1: 畅言议程生成器 · 操作台 | G1: 畅言议程生成器 · 操作台 | H1: 畅言议程生成器 · 操作台 | I1: 畅言议程生成器 · 操作台 | J1: 畅言议程生成器 · 操作台 | K1: 畅言议程生成器 · 操作台 | L1: 畅言议程生成器 · 操作台 | M1: 畅言议程生成器 · 操作台 | N1: 畅言议程生成器 · 操作台 | O1: 畅言议程生成器 · 操作台 | P1: 畅言议程生成器 · 操作台
A2: 畅言议程生成器 · 操作台 | B2: 畅言议程生成器 · 操作台 | C2: 畅言议程生成器 · 操作台 | D2: 畅言议程生成器 · 操作台 | E2: 畅言议程生成器 · 操作台 | F2: 畅言议程生成器 · 操作台 | G2: 畅言议程生成器 · 操作台 | H2: 畅言议程生成器 · 操作台 | I2: 畅言议程生成器 · 操作台 | J2: 畅言议程生成器 · 操作台 | K2: 畅言议程生成器 · 操作台 | L2: 畅言议程生成器 · 操作台 | M2: 畅言议程生成器 · 操作台 | N2: 畅言议程生成器 · 操作台 | O2: 畅言议程生成器 · 操作台 | P2: 畅言议程生成器 · 操作台 | Q2: {=_xlfn._xlws.SORT(_xlfn.UNIQUE(_xlfn._xlws.FILTER(模板库!$B$2:$B$1000,模板库!$B$2:$B$1000<>"")))} -> 常规例会模板
Q3: 即兴马拉松模板
A4: 议程来源 | B4: 议程模板 | C4: 议程模板 | D4: 议程模板 | E4: 模板选择 | F4: 常规例会模板 | G4: 常规例会模板 | H4: 常规例会模板 | I4: 常规例会模板 | J4: 常规例会模板 | L4: 黄色区域可编辑 · 切换来源不会清空手工修正 | M4: 黄色区域可编辑 · 切换来源不会清空手工修正 | N4: 黄色区域可编辑 · 切换来源不会清空手工修正 | O4: 黄色区域可编辑 · 切换来源不会清空手工修正 | P4: 黄色区域可编辑 · 切换来源不会清空手工修正
A6: 会议信息 | B6: 会议信息 | C6: 会议信息 | D6: 会议信息 | E6: 会议信息 | F6: 会议信息 | G6: 会议信息 | H6: 会议信息 | I6: 会议信息 | J6: 会议信息 | K6: 会议信息 | L6: 会议信息 | M6: 会议信息 | N6: 会议信息 | O6: 会议信息 | P6: 会议信息
A7: 期数 | B7: 782 | C7: 782 | D7: 782 | E7: 主题 | F7: 复盘：我过的怎么样 | G7: 复盘：我过的怎么样 | H7: 复盘：我过的怎么样 | I7: 今日一词 | J7: 看见 | K7: 看见 | L7: 看见 | M7: 例会经理 | N7: 斯敏 | O7: 斯敏 | P7: 斯敏
A10: 日期 | B10: 46203 | C10: 46203 | D10: 46203 | E10: 开始时间 | F10: 0.80555556 | G10: 0.80555556 | H10: 0.80555556 | I10: 结束时间 | J10: 0.89583333 | K10: 0.89583333 | L10: 0.89583333 | N10: A4 页会根据来源选择解析字段或本页输入 | O10: A4 页会根据来源选择解析字段或本页输入 | P10: A4 页会根据来源选择解析字段或本页输入
A13: 地点 | B13: 深圳市南山区科技园讯美科技广场3号楼4楼SPACE MAX会议室(高新中A出口) | C13: 深圳市南山区科技园讯美科技广场3号楼4楼SPACE MAX会议室(高新中A出口) | D13: 深圳市南山区科技园讯美科技广场3号楼4楼SPACE MAX会议室(高新中A出口) | E13: 深圳市南山区科技园讯美科技广场3号楼4楼SPACE MAX会议室(高新中A出口) | F13: 深圳市南山区科技园讯美科技广场3号楼4楼SPACE MAX会议室(高新中A出口) | G13: 深圳市南山区科技园讯美科技广场3号楼4楼SPACE MAX会议室(高新中A出口) | H13: 深圳市南山区科技园讯美科技广场3号楼4楼SPACE MAX会议室(高新中A出口) | I13: 深圳市南山区科技园讯美科技广场3号楼4楼SPACE MAX会议室(高新中A出口) | J13: 深圳市南山区科技园讯美科技广场3号楼4楼SPACE MAX会议室(高新中A出口) | K13: 深圳市南山区科技园讯美科技广场3号楼4楼SPACE MAX会议室(高新中A出口) | L13: 深圳市南山区科技园讯美科技广场3号楼4楼SPACE MAX会议室(高新中A出口) | M13: 深圳市南山区科技园讯美科技广场3号楼4楼SPACE MAX会议室(高新中A出口) | N13: 深圳市南山区科技园讯美科技广场3号楼4楼SPACE MAX会议室(高新中A出口) | O13: 深圳市南山区科技园讯美科技广场3号楼4楼SPACE MAX会议室(高新中A出口) | P13: 深圳市南山区科技园讯美科技广场3号楼4楼SPACE MAX会议室(高新中A出口)
B14: 深圳市南山区科技园讯美科技广场3号楼4楼SPACE MAX会议室(高新中A出口) | C14: 深圳市南山区科技园讯美科技广场3号楼4楼SPACE MAX会议室(高新中A出口) | D14: 深圳市南山区科技园讯美科技广场3号楼4楼SPACE MAX会议室(高新中A出口) | E14: 深圳市南山区科技园讯美科技广场3号楼4楼SPACE MAX会议室(高新中A出口) | F14: 深圳市南山区科技园讯美科技广场3号楼4楼SPACE MAX会议室(高新中A出口) | G14: 深圳市南山区科技园讯美科技广场3号楼4楼SPACE MAX会议室(高新中A出口) | H14: 深圳市南山区科技园讯美科技广场3号楼4楼SPACE MAX会议室(高新中A出口) | I14: 深圳市南山区科技园讯美科技广场3号楼4楼SPACE MAX会议室(高新中A出口) | J14: 深圳市南山区科技园讯美科技广场3号楼4楼SPACE MAX会议室(高新中A出口) | K14: 深圳市南山区科技园讯美科技广场3号楼4楼SPACE MAX会议室(高新中A出口) | L14: 深圳市南山区科技园讯美科技广场3号楼4楼SPACE MAX会议室(高新中A出口) | M14: 深圳市南山区科技园讯美科技广场3号楼4楼SPACE MAX会议室(高新中A出口) | N14: 深圳市南山区科技园讯美科技广场3号楼4楼SPACE MAX会议室(高新中A出口) | O14: 深圳市南山区科技园讯美科技广场3号楼4楼SPACE MAX会议室(高新中A出口) | P14: 深圳市南山区科技园讯美科技广场3号楼4楼SPACE MAX会议室(高新中A出口)
A16: 微信接龙粘贴区（已预置 779 期验收样例，可直接替换） | B16: 微信接龙粘贴区（已预置 779 期验收样例，可直接替换） | C16: 微信接龙粘贴区（已预置 779 期验收样例，可直接替换） | D16: 微信接龙粘贴区（已预置 779 期验收样例，可直接替换） | E16: 微信接龙粘贴区（已预置 779 期验收样例，可直接替换） | F16: 微信接龙粘贴区（已预置 779 期验收样例，可直接替换） | G16: 微信接龙粘贴区（已预置 779 期验收样例，可直接替换） | H16: 微信接龙粘贴区（已预置 779 期验收样例，可直接替换） | I16: 微信接龙粘贴区（已预置 779 期验收样例，可直接替换） | J16: 微信接龙粘贴区（已预置 779 期验收样例，可直接替换） | L16: 解析预览 | M16: 解析预览 | N16: 解析预览 | O16: 解析预览 | P16: 解析预览
B18: @所有人 [烟花]畅言779期报名帖[烟花] 主题：志愿者 今日一词：服务 例会经理：莫婷 时间：6月9日 19:30-21:30 地点: 深圳南山•讯美科技3号楼4楼Space Max会议室 事务官开场：文星 主席致辞：卡卡 总主持：simon 来宾介绍：VPM 时间官：May 哼哈官：Jessica 语法官：莫婷 提问官：文星 即兴主持：莫婷 备稿演讲1：卡卡 备稿演讲2：史迪仔 备稿演讲3：[玫瑰] 即兴点评：女侠 备稿点评1：Jessica 备稿点评2：聪聪 备稿点评3：[玫瑰] 总点评：思玮 颁奖&真情分享：卡卡 拍照侠：ALL | C18: @所有人 [烟花]畅言779期报名帖[烟花] 主题：志愿者 今日一词：服务 例会经理：莫婷 时间：6月9日 19:30-21:30 地点: 深圳南山•讯美科技3号楼4楼Space Max会议室 事务官开场：文星 主席致辞：卡卡 总主持：simon 来宾介绍：VPM 时间官：May 哼哈官：Jessica 语法官：莫婷 提问官：文星 即兴主持：莫婷 备稿演讲1：卡卡 备稿演讲2：史迪仔 备稿演讲3：[玫瑰] 即兴点评：女侠 备稿点评1：Jessica 备稿点评2：聪聪 备稿点评3：[玫瑰] 总点评：思玮 颁奖&真情分享：卡卡 拍照侠：ALL | D18: @所有人 [烟花]畅言779期报名帖[烟花] 主题：志愿者 今日一词：服务 例会经理：莫婷 时间：6月9日 19:30-21:30 地点: 深圳南山•讯美科技3号楼4楼Space Max会议室 事务官开场：文星 主席致辞：卡卡 总主持：simon 来宾介绍：VPM 时间官：May 哼哈官：Jessica 语法官：莫婷 提问官：文星 即兴主持：莫婷 备稿演讲1：卡卡 备稿演讲2：史迪仔 备稿演讲3：[玫瑰] 即兴点评：女侠 备稿点评1：Jessica 备稿点评2：聪聪 备稿点评3：[玫瑰] 总点评：思玮 颁奖&真情分享：卡卡 拍照侠：ALL | E18: @所有人 [烟花]畅言779期报名帖[烟花] 主题：志愿者 今日一词：服务 例会经理：莫婷 时间：6月9日 19:30-21:30 地点: 深圳南山•讯美科技3号楼4楼Space Max会议室 事务官开场：文星 主席致辞：卡卡 总主持：simon 来宾介绍：VPM 时间官：May 哼哈官：Jessica 语法官：莫婷 提问官：文星 即兴主持：莫婷 备稿演讲1：卡卡 备稿演讲2：史迪仔 备稿演讲3：[玫瑰] 即兴点评：女侠 备稿点评1：Jessica 备稿点评2：聪聪 备稿点评3：[玫瑰] 总点评：思玮 颁奖&真情分享：卡卡 拍照侠：ALL | F18: @所有人 [烟花]畅言779期报名帖[烟花] 主题：志愿者 今日一词：服务 例会经理：莫婷 时间：6月9日 19:30-21:30 地点: 深圳南山•讯美科技3号楼4楼Space Max会议室 事务官开场：文星 主席致辞：卡卡 总主持：simon 来宾介绍：VPM 时间官：May 哼哈官：Jessica 语法官：莫婷 提问官：文星 即兴主持：莫婷 备稿演讲1：卡卡 备稿演讲2：史迪仔 备稿演讲3：[玫瑰] 即兴点评：女侠 备稿点评1：Jessica 备稿点评2：聪聪 备稿点评3：[玫瑰] 总点评：思玮 颁奖&真情分享：卡卡 拍照侠：ALL | G18: @所有人 [烟花]畅言779期报名帖[烟花] 主题：志愿者 今日一词：服务 例会经理：莫婷 时间：6月9日 19:30-21:30 地点: 深圳南山•讯美科技3号楼4楼Space Max会议室 事务官开场：文星 主席致辞：卡卡 总主持：simon 来宾介绍：VPM 时间官：May 哼哈官：Jessica 语法官：莫婷 提问官：文星 即兴主持：莫婷 备稿演讲1：卡卡 备稿演讲2：史迪仔 备稿演讲3：[玫瑰] 即兴点评：女侠 备稿点评1：Jessica 备稿点评2：聪聪 备稿点评3：[玫瑰] 总点评：思玮 颁奖&真情分享：卡卡 拍照侠：ALL | H18: @所有人 [烟花]畅言779期报名帖[烟花] 主题：志愿者 今日一词：服务 例会经理：莫婷 时间：6月9日 19:30-21:30 地点: 深圳南山•讯美科技3号楼4楼Space Max会议室 事务官开场：文星 主席致辞：卡卡 总主持：simon 来宾介绍：VPM 时间官：May 哼哈官：Jessica 语法官：莫婷 提问官：文星 即兴主持：莫婷 备稿演讲1：卡卡 备稿演讲2：史迪仔 备稿演讲3：[玫瑰] 即兴点评：女侠 备稿点评1：Jessica 备稿点评2：聪聪 备稿点评3：[玫瑰] 总点评：思玮 颁奖&真情分享：卡卡 拍照侠：ALL | I18: @所有人 [烟花]畅言779期报名帖[烟花] 主题：志愿者 今日一词：服务 例会经理：莫婷 时间：6月9日 19:30-21:30 地点: 深圳南山•讯美科技3号楼4楼Space Max会议室 事务官开场：文星 主席致辞：卡卡 总主持：simon 来宾介绍：VPM 时间官：May 哼哈官：Jessica 语法官：莫婷 提问官：文星 即兴主持：莫婷 备稿演讲1：卡卡 备稿演讲2：史迪仔 备稿演讲3：[玫瑰] 即兴点评：女侠 备稿点评1：Jessica 备稿点评2：聪聪 备稿点评3：[玫瑰] 总点评：思玮 颁奖&真情分享：卡卡 拍照侠：ALL | J18: @所有人 [烟花]畅言779期报名帖[烟花] 主题：志愿者 今日一词：服务 例会经理：莫婷 时间：6月9日 19:30-21:30 地点: 深圳南山•讯美科技3号楼4楼Space Max会议室 事务官开场：文星 主席致辞：卡卡 总主持：simon 来宾介绍：VPM 时间官：May 哼哈官：Jessica 语法官：莫婷 提问官：文星 即兴主持：莫婷 备稿演讲1：卡卡 备稿演讲2：史迪仔 备稿演讲3：[玫瑰] 即兴点评：女侠 备稿点评1：Jessica 备稿点评2：聪聪 备稿点评3：[玫瑰] 总点评：思玮 颁奖&真情分享：卡卡 拍照侠：ALL | L18: ="期数："&计算区!$E$2&" · 主题："&计算区!$E$3 -> 期数：779 · 主题：志愿者
B19: @所有人 [烟花]畅言779期报名帖[烟花] 主题：志愿者 今日一词：服务 例会经理：莫婷 时间：6月9日 19:30-21:30 地点: 深圳南山•讯美科技3号楼4楼Space Max会议室 事务官开场：文星 主席致辞：卡卡 总主持：simon 来宾介绍：VPM 时间官：May 哼哈官：Jessica 语法官：莫婷 提问官：文星 即兴主持：莫婷 备稿演讲1：卡卡 备稿演讲2：史迪仔 备稿演讲3：[玫瑰] 即兴点评：女侠 备稿点评1：Jessica 备稿点评2：聪聪 备稿点评3：[玫瑰] 总点评：思玮 颁奖&真情分享：卡卡 拍照侠：ALL | C19: @所有人 [烟花]畅言779期报名帖[烟花] 主题：志愿者 今日一词：服务 例会经理：莫婷 时间：6月9日 19:30-21:30 地点: 深圳南山•讯美科技3号楼4楼Space Max会议室 事务官开场：文星 主席致辞：卡卡 总主持：simon 来宾介绍：VPM 时间官：May 哼哈官：Jessica 语法官：莫婷 提问官：文星 即兴主持：莫婷 备稿演讲1：卡卡 备稿演讲2：史迪仔 备稿演讲3：[玫瑰] 即兴点评：女侠 备稿点评1：Jessica 备稿点评2：聪聪 备稿点评3：[玫瑰] 总点评：思玮 颁奖&真情分享：卡卡 拍照侠：ALL | D19: @所有人 [烟花]畅言779期报名帖[烟花] 主题：志愿者 今日一词：服务 例会经理：莫婷 时间：6月9日 19:30-21:30 地点: 深圳南山•讯美科技3号楼4楼Space Max会议室 事务官开场：文星 主席致辞：卡卡 总主持：simon 来宾介绍：VPM 时间官：May 哼哈官：Jessica 语法官：莫婷 提问官：文星 即兴主持：莫婷 备稿演讲1：卡卡 备稿演讲2：史迪仔 备稿演讲3：[玫瑰] 即兴点评：女侠 备稿点评1：Jessica 备稿点评2：聪聪 备稿点评3：[玫瑰] 总点评：思玮 颁奖&真情分享：卡卡 拍照侠：ALL | E19: @所有人 [烟花]畅言779期报名帖[烟花] 主题：志愿者 今日一词：服务 例会经理：莫婷 时间：6月9日 19:30-21:30 地点: 深圳南山•讯美科技3号楼4楼Space Max会议室 事务官开场：文星 主席致辞：卡卡 总主持：simon 来宾介绍：VPM 时间官：May 哼哈官：Jessica 语法官：莫婷 提问官：文星 即兴主持：莫婷 备稿演讲1：卡卡 备稿演讲2：史迪仔 备稿演讲3：[玫瑰] 即兴点评：女侠 备稿点评1：Jessica 备稿点评2：聪聪 备稿点评3：[玫瑰] 总点评：思玮 颁奖&真情分享：卡卡 拍照侠：ALL | F19: @所有人 [烟花]畅言779期报名帖[烟花] 主题：志愿者 今日一词：服务 例会经理：莫婷 时间：6月9日 19:30-21:30 地点: 深圳南山•讯美科技3号楼4楼Space Max会议室 事务官开场：文星 主席致辞：卡卡 总主持：simon 来宾介绍：VPM 时间官：May 哼哈官：Jessica 语法官：莫婷 提问官：文星 即兴主持：莫婷 备稿演讲1：卡卡 备稿演讲2：史迪仔 备稿演讲3：[玫瑰] 即兴点评：女侠 备稿点评1：Jessica 备稿点评2：聪聪 备稿点评3：[玫瑰] 总点评：思玮 颁奖&真情分享：卡卡 拍照侠：ALL | G19: @所有人 [烟花]畅言779期报名帖[烟花] 主题：志愿者 今日一词：服务 例会经理：莫婷 时间：6月9日 19:30-21:30 地点: 深圳南山•讯美科技3号楼4楼Space Max会议室 事务官开场：文星 主席致辞：卡卡 总主持：simon 来宾介绍：VPM 时间官：May 哼哈官：Jessica 语法官：莫婷 提问官：文星 即兴主持：莫婷 备稿演讲1：卡卡 备稿演讲2：史迪仔 备稿演讲3：[玫瑰] 即兴点评：女侠 备稿点评1：Jessica 备稿点评2：聪聪 备稿点评3：[玫瑰] 总点评：思玮 颁奖&真情分享：卡卡 拍照侠：ALL | H19: @所有人 [烟花]畅言779期报名帖[烟花] 主题：志愿者 今日一词：服务 例会经理：莫婷 时间：6月9日 19:30-21:30 地点: 深圳南山•讯美科技3号楼4楼Space Max会议室 事务官开场：文星 主席致辞：卡卡 总主持：simon 来宾介绍：VPM 时间官：May 哼哈官：Jessica 语法官：莫婷 提问官：文星 即兴主持：莫婷 备稿演讲1：卡卡 备稿演讲2：史迪仔 备稿演讲3：[玫瑰] 即兴点评：女侠 备稿点评1：Jessica 备稿点评2：聪聪 备稿点评3：[玫瑰] 总点评：思玮 颁奖&真情分享：卡卡 拍照侠：ALL | I19: @所有人 [烟花]畅言779期报名帖[烟花] 主题：志愿者 今日一词：服务 例会经理：莫婷 时间：6月9日 19:30-21:30 地点: 深圳南山•讯美科技3号楼4楼Space Max会议室 事务官开场：文星 主席致辞：卡卡 总主持：simon 来宾介绍：VPM 时间官：May 哼哈官：Jessica 语法官：莫婷 提问官：文星 即兴主持：莫婷 备稿演讲1：卡卡 备稿演讲2：史迪仔 备稿演讲3：[玫瑰] 即兴点评：女侠 备稿点评1：Jessica 备稿点评2：聪聪 备稿点评3：[玫瑰] 总点评：思玮 颁奖&真情分享：卡卡 拍照侠：ALL | J19: @所有人 [烟花]畅言779期报名帖[烟花] 主题：志愿者 今日一词：服务 例会经理：莫婷 时间：6月9日 19:30-21:30 地点: 深圳南山•讯美科技3号楼4楼Space Max会议室 事务官开场：文星 主席致辞：卡卡 总主持：simon 来宾介绍：VPM 时间官：May 哼哈官：Jessica 语法官：莫婷 提问官：文星 即兴主持：莫婷 备稿演讲1：卡卡 备稿演讲2：史迪仔 备稿演讲3：[玫瑰] 即兴点评：女侠 备稿点评1：Jessica 备稿点评2：聪聪 备稿点评3：[玫瑰] 总点评：思玮 颁奖&真情分享：卡卡 拍照侠：ALL
B20: @所有人 [烟花]畅言779期报名帖[烟花] 主题：志愿者 今日一词：服务 例会经理：莫婷 时间：6月9日 19:30-21:30 地点: 深圳南山•讯美科技3号楼4楼Space Max会议室 事务官开场：文星 主席致辞：卡卡 总主持：simon 来宾介绍：VPM 时间官：May 哼哈官：Jessica 语法官：莫婷 提问官：文星 即兴主持：莫婷 备稿演讲1：卡卡 备稿演讲2：史迪仔 备稿演讲3：[玫瑰] 即兴点评：女侠 备稿点评1：Jessica 备稿点评2：聪聪 备稿点评3：[玫瑰] 总点评：思玮 颁奖&真情分享：卡卡 拍照侠：ALL | C20: @所有人 [烟花]畅言779期报名帖[烟花] 主题：志愿者 今日一词：服务 例会经理：莫婷 时间：6月9日 19:30-21:30 地点: 深圳南山•讯美科技3号楼4楼Space Max会议室 事务官开场：文星 主席致辞：卡卡 总主持：simon 来宾介绍：VPM 时间官：May 哼哈官：Jessica 语法官：莫婷 提问官：文星 即兴主持：莫婷 备稿演讲1：卡卡 备稿演讲2：史迪仔 备稿演讲3：[玫瑰] 即兴点评：女侠 备稿点评1：Jessica 备稿点评2：聪聪 备稿点评3：[玫瑰] 总点评：思玮 颁奖&真情分享：卡卡 拍照侠：ALL | D20: @所有人 [烟花]畅言779期报名帖[烟花] 主题：志愿者 今日一词：服务 例会经理：莫婷 时间：6月9日 19:30-21:30 地点: 深圳南山•讯美科技3号楼4楼Space Max会议室 事务官开场：文星 主席致辞：卡卡 总主持：simon 来宾介绍：VPM 时间官：May 哼哈官：Jessica 语法官：莫婷 提问官：文星 即兴主持：莫婷 备稿演讲1：卡卡 备稿演讲2：史迪仔 备稿演讲3：[玫瑰] 即兴点评：女侠 备稿点评1：Jessica 备稿点评2：聪聪 备稿点评3：[玫瑰] 总点评：思玮 颁奖&真情分享：卡卡 拍照侠：ALL | E20: @所有人 [烟花]畅言779期报名帖[烟花] 主题：志愿者 今日一词：服务 例会经理：莫婷 时间：6月9日 19:30-21:30 地点: 深圳南山•讯美科技3号楼4楼Space Max会议室 事务官开场：文星 主席致辞：卡卡 总主持：simon 来宾介绍：VPM 时间官：May 哼哈官：Jessica 语法官：莫婷 提问官：文星 即兴主持：莫婷 备稿演讲1：卡卡 备稿演讲2：史迪仔 备稿演讲3：[玫瑰] 即兴点评：女侠 备稿点评1：Jessica 备稿点评2：聪聪 备稿点评3：[玫瑰] 总点评：思玮 颁奖&真情分享：卡卡 拍照侠：ALL | F20: @所有人 [烟花]畅言779期报名帖[烟花] 主题：志愿者 今日一词：服务 例会经理：莫婷 时间：6月9日 19:30-21:30 地点: 深圳南山•讯美科技3号楼4楼Space Max会议室 事务官开场：文星 主席致辞：卡卡 总主持：simon 来宾介绍：VPM 时间官：May 哼哈官：Jessica 语法官：莫婷 提问官：文星 即兴主持：莫婷 备稿演讲1：卡卡 备稿演讲2：史迪仔 备稿演讲3：[玫瑰] 即兴点评：女侠 备稿点评1：Jessica 备稿点评2：聪聪 备稿点评3：[玫瑰] 总点评：思玮 颁奖&真情分享：卡卡 拍照侠：ALL | G20: @所有人 [烟花]畅言779期报名帖[烟花] 主题：志愿者 今日一词：服务 例会经理：莫婷 时间：6月9日 19:30-21:30 地点: 深圳南山•讯美科技3号楼4楼Space Max会议室 事务官开场：文星 主席致辞：卡卡 总主持：simon 来宾介绍：VPM 时间官：May 哼哈官：Jessica 语法官：莫婷 提问官：文星 即兴主持：莫婷 备稿演讲1：卡卡 备稿演讲2：史迪仔 备稿演讲3：[玫瑰] 即兴点评：女侠 备稿点评1：Jessica 备稿点评2：聪聪 备稿点评3：[玫瑰] 总点评：思玮 颁奖&真情分享：卡卡 拍照侠：ALL | H20: @所有人 [烟花]畅言779期报名帖[烟花] 主题：志愿者 今日一词：服务 例会经理：莫婷 时间：6月9日 19:30-21:30 地点: 深圳南山•讯美科技3号楼4楼Space Max会议室 事务官开场：文星 主席致辞：卡卡 总主持：simon 来宾介绍：VPM 时间官：May 哼哈官：Jessica 语法官：莫婷 提问官：文星 即兴主持：莫婷 备稿演讲1：卡卡 备稿演讲2：史迪仔 备稿演讲3：[玫瑰] 即兴点评：女侠 备稿点评1：Jessica 备稿点评2：聪聪 备稿点评3：[玫瑰] 总点评：思玮 颁奖&真情分享：卡卡 拍照侠：ALL | I20: @所有人 [烟花]畅言779期报名帖[烟花] 主题：志愿者 今日一词：服务 例会经理：莫婷 时间：6月9日 19:30-21:30 地点: 深圳南山•讯美科技3号楼4楼Space Max会议室 事务官开场：文星 主席致辞：卡卡 总主持：simon 来宾介绍：VPM 时间官：May 哼哈官：Jessica 语法官：莫婷 提问官：文星 即兴主持：莫婷 备稿演讲1：卡卡 备稿演讲2：史迪仔 备稿演讲3：[玫瑰] 即兴点评：女侠 备稿点评1：Jessica 备稿点评2：聪聪 备稿点评3：[玫瑰] 总点评：思玮 颁奖&真情分享：卡卡 拍照侠：ALL | J20: @所有人 [烟花]畅言779期报名帖[烟花] 主题：志愿者 今日一词：服务 例会经理：莫婷 时间：6月9日 19:30-21:30 地点: 深圳南山•讯美科技3号楼4楼Space Max会议室 事务官开场：文星 主席致辞：卡卡 总主持：simon 来宾介绍：VPM 时间官：May 哼哈官：Jessica 语法官：莫婷 提问官：文星 即兴主持：莫婷 备稿演讲1：卡卡 备稿演讲2：史迪仔 备稿演讲3：[玫瑰] 即兴点评：女侠 备稿点评1：Jessica 备稿点评2：聪聪 备稿点评3：[玫瑰] 总点评：思玮 颁奖&真情分享：卡卡 拍照侠：ALL | L20: ="今日一词："&计算区!$E$4&" · 经理："&计算区!$E$5 -> 今日一词：服务 · 经理：莫婷
B21: @所有人 [烟花]畅言779期报名帖[烟花] 主题：志愿者 今日一词：服务 例会经理：莫婷 时间：6月9日 19:30-21:30 地点: 深圳南山•讯美科技3号楼4楼Space Max会议室 事务官开场：文星 主席致辞：卡卡 总主持：simon 来宾介绍：VPM 时间官：May 哼哈官：Jessica 语法官：莫婷 提问官：文星 即兴主持：莫婷 备稿演讲1：卡卡 备稿演讲2：史迪仔 备稿演讲3：[玫瑰] 即兴点评：女侠 备稿点评1：Jessica 备稿点评2：聪聪 备稿点评3：[玫瑰] 总点评：思玮 颁奖&真情分享：卡卡 拍照侠：ALL | C21: @所有人 [烟花]畅言779期报名帖[烟花] 主题：志愿者 今日一词：服务 例会经理：莫婷 时间：6月9日 19:30-21:30 地点: 深圳南山•讯美科技3号楼4楼Space Max会议室 事务官开场：文星 主席致辞：卡卡 总主持：simon 来宾介绍：VPM 时间官：May 哼哈官：Jessica 语法官：莫婷 提问官：文星 即兴主持：莫婷 备稿演讲1：卡卡 备稿演讲2：史迪仔 备稿演讲3：[玫瑰] 即兴点评：女侠 备稿点评1：Jessica 备稿点评2：聪聪 备稿点评3：[玫瑰] 总点评：思玮 颁奖&真情分享：卡卡 拍照侠：ALL | D21: @所有人 [烟花]畅言779期报名帖[烟花] 主题：志愿者 今日一词：服务 例会经理：莫婷 时间：6月9日 19:30-21:30 地点: 深圳南山•讯美科技3号楼4楼Space Max会议室 事务官开场：文星 主席致辞：卡卡 总主持：simon 来宾介绍：VPM 时间官：May 哼哈官：Jessica 语法官：莫婷 提问官：文星 即兴主持：莫婷 备稿演讲1：卡卡 备稿演讲2：史迪仔 备稿演讲3：[玫瑰] 即兴点评：女侠 备稿点评1：Jessica 备稿点评2：聪聪 备稿点评3：[玫瑰] 总点评：思玮 颁奖&真情分享：卡卡 拍照侠：ALL | E21: @所有人 [烟花]畅言779期报名帖[烟花] 主题：志愿者 今日一词：服务 例会经理：莫婷 时间：6月9日 19:30-21:30 地点: 深圳南山•讯美科技3号楼4楼Space Max会议室 事务官开场：文星 主席致辞：卡卡 总主持：simon 来宾介绍：VPM 时间官：May 哼哈官：Jessica 语法官：莫婷 提问官：文星 即兴主持：莫婷 备稿演讲1：卡卡 备稿演讲2：史迪仔 备稿演讲3：[玫瑰] 即兴点评：女侠 备稿点评1：Jessica 备稿点评2：聪聪 备稿点评3：[玫瑰] 总点评：思玮 颁奖&真情分享：卡卡 拍照侠：ALL | F21: @所有人 [烟花]畅言779期报名帖[烟花] 主题：志愿者 今日一词：服务 例会经理：莫婷 时间：6月9日 19:30-21:30 地点: 深圳南山•讯美科技3号楼4楼Space Max会议室 事务官开场：文星 主席致辞：卡卡 总主持：simon 来宾介绍：VPM 时间官：May 哼哈官：Jessica 语法官：莫婷 提问官：文星 即兴主持：莫婷 备稿演讲1：卡卡 备稿演讲2：史迪仔 备稿演讲3：[玫瑰] 即兴点评：女侠 备稿点评1：Jessica 备稿点评2：聪聪 备稿点评3：[玫瑰] 总点评：思玮 颁奖&真情分享：卡卡 拍照侠：ALL | G21: @所有人 [烟花]畅言779期报名帖[烟花] 主题：志愿者 今日一词：服务 例会经理：莫婷 时间：6月9日 19:30-21:30 地点: 深圳南山•讯美科技3号楼4楼Space Max会议室 事务官开场：文星 主席致辞：卡卡 总主持：simon 来宾介绍：VPM 时间官：May 哼哈官：Jessica 语法官：莫婷 提问官：文星 即兴主持：莫婷 备稿演讲1：卡卡 备稿演讲2：史迪仔 备稿演讲3：[玫瑰] 即兴点评：女侠 备稿点评1：Jessica 备稿点评2：聪聪 备稿点评3：[玫瑰] 总点评：思玮 颁奖&真情分享：卡卡 拍照侠：ALL | H21: @所有人 [烟花]畅言779期报名帖[烟花] 主题：志愿者 今日一词：服务 例会经理：莫婷 时间：6月9日 19:30-21:30 地点: 深圳南山•讯美科技3号楼4楼Space Max会议室 事务官开场：文星 主席致辞：卡卡 总主持：simon 来宾介绍：VPM 时间官：May 哼哈官：Jessica 语法官：莫婷 提问官：文星 即兴主持：莫婷 备稿演讲1：卡卡 备稿演讲2：史迪仔 备稿演讲3：[玫瑰] 即兴点评：女侠 备稿点评1：Jessica 备稿点评2：聪聪 备稿点评3：[玫瑰] 总点评：思玮 颁奖&真情分享：卡卡 拍照侠：ALL | I21: @所有人 [烟花]畅言779期报名帖[烟花] 主题：志愿者 今日一词：服务 例会经理：莫婷 时间：6月9日 19:30-21:30 地点: 深圳南山•讯美科技3号楼4楼Space Max会议室 事务官开场：文星 主席致辞：卡卡 总主持：simon 来宾介绍：VPM 时间官：May 哼哈官：Jessica 语法官：莫婷 提问官：文星 即兴主持：莫婷 备稿演讲1：卡卡 备稿演讲2：史迪仔 备稿演讲3：[玫瑰] 即兴点评：女侠 备稿点评1：Jessica 备稿点评2：聪聪 备稿点评3：[玫瑰] 总点评：思玮 颁奖&真情分享：卡卡 拍照侠：ALL | J21: @所有人 [烟花]畅言779期报名帖[烟花] 主题：志愿者 今日一词：服务 例会经理：莫婷 时间：6月9日 19:30-21:30 地点: 深圳南山•讯美科技3号楼4楼Space Max会议室 事务官开场：文星 主席致辞：卡卡 总主持：simon 来宾介绍：VPM 时间官：May 哼哈官：Jessica 语法官：莫婷 提问官：文星 即兴主持：莫婷 备稿演讲1：卡卡 备稿演讲2：史迪仔 备稿演讲3：[玫瑰] 即兴点评：女侠 备稿点评1：Jessica 备稿点评2：聪聪 备稿点评3：[玫瑰] 总点评：思玮 颁奖&真情分享：卡卡 拍照侠：ALL | L21: =IF(计算区!$E$6="","日期/时间：待检查","日期/时间："&TEXT(计算区!$E$6,"yyyy-mm-dd")&" "&TEXT(计算区!$E$7,"hh:mm")&"–"&TEXT(计算区!$E$8,"hh:mm")) -> 日期/时间：2026-06-09 19:30–21:30
B22: @所有人 [烟花]畅言779期报名帖[烟花] 主题：志愿者 今日一词：服务 例会经理：莫婷 时间：6月9日 19:30-21:30 地点: 深圳南山•讯美科技3号楼4楼Space Max会议室 事务官开场：文星 主席致辞：卡卡 总主持：simon 来宾介绍：VPM 时间官：May 哼哈官：Jessica 语法官：莫婷 提问官：文星 即兴主持：莫婷 备稿演讲1：卡卡 备稿演讲2：史迪仔 备稿演讲3：[玫瑰] 即兴点评：女侠 备稿点评1：Jessica 备稿点评2：聪聪 备稿点评3：[玫瑰] 总点评：思玮 颁奖&真情分享：卡卡 拍照侠：ALL | C22: @所有人 [烟花]畅言779期报名帖[烟花] 主题：志愿者 今日一词：服务 例会经理：莫婷 时间：6月9日 19:30-21:30 地点: 深圳南山•讯美科技3号楼4楼Space Max会议室 事务官开场：文星 主席致辞：卡卡 总主持：simon 来宾介绍：VPM 时间官：May 哼哈官：Jessica 语法官：莫婷 提问官：文星 即兴主持：莫婷 备稿演讲1：卡卡 备稿演讲2：史迪仔 备稿演讲3：[玫瑰] 即兴点评：女侠 备稿点评1：Jessica 备稿点评2：聪聪 备稿点评3：[玫瑰] 总点评：思玮 颁奖&真情分享：卡卡 拍照侠：ALL | D22: @所有人 [烟花]畅言779期报名帖[烟花] 主题：志愿者 今日一词：服务 例会经理：莫婷 时间：6月9日 19:30-21:30 地点: 深圳南山•讯美科技3号楼4楼Space Max会议室 事务官开场：文星 主席致辞：卡卡 总主持：simon 来宾介绍：VPM 时间官：May 哼哈官：Jessica 语法官：莫婷 提问官：文星 即兴主持：莫婷 备稿演讲1：卡卡 备稿演讲2：史迪仔 备稿演讲3：[玫瑰] 即兴点评：女侠 备稿点评1：Jessica 备稿点评2：聪聪 备稿点评3：[玫瑰] 总点评：思玮 颁奖&真情分享：卡卡 拍照侠：ALL | E22: @所有人 [烟花]畅言779期报名帖[烟花] 主题：志愿者 今日一词：服务 例会经理：莫婷 时间：6月9日 19:30-21:30 地点: 深圳南山•讯美科技3号楼4楼Space Max会议室 事务官开场：文星 主席致辞：卡卡 总主持：simon 来宾介绍：VPM 时间官：May 哼哈官：Jessica 语法官：莫婷 提问官：文星 即兴主持：莫婷 备稿演讲1：卡卡 备稿演讲2：史迪仔 备稿演讲3：[玫瑰] 即兴点评：女侠 备稿点评1：Jessica 备稿点评2：聪聪 备稿点评3：[玫瑰] 总点评：思玮 颁奖&真情分享：卡卡 拍照侠：ALL | F22: @所有人 [烟花]畅言779期报名帖[烟花] 主题：志愿者 今日一词：服务 例会经理：莫婷 时间：6月9日 19:30-21:30 地点: 深圳南山•讯美科技3号楼4楼Space Max会议室 事务官开场：文星 主席致辞：卡卡 总主持：simon 来宾介绍：VPM 时间官：May 哼哈官：Jessica 语法官：莫婷 提问官：文星 即兴主持：莫婷 备稿演讲1：卡卡 备稿演讲2：史迪仔 备稿演讲3：[玫瑰] 即兴点评：女侠 备稿点评1：Jessica 备稿点评2：聪聪 备稿点评3：[玫瑰] 总点评：思玮 颁奖&真情分享：卡卡 拍照侠：ALL | G22: @所有人 [烟花]畅言779期报名帖[烟花] 主题：志愿者 今日一词：服务 例会经理：莫婷 时间：6月9日 19:30-21:30 地点: 深圳南山•讯美科技3号楼4楼Space Max会议室 事务官开场：文星 主席致辞：卡卡 总主持：simon 来宾介绍：VPM 时间官：May 哼哈官：Jessica 语法官：莫婷 提问官：文星 即兴主持：莫婷 备稿演讲1：卡卡 备稿演讲2：史迪仔 备稿演讲3：[玫瑰] 即兴点评：女侠 备稿点评1：Jessica 备稿点评2：聪聪 备稿点评3：[玫瑰] 总点评：思玮 颁奖&真情分享：卡卡 拍照侠：ALL | H22: @所有人 [烟花]畅言779期报名帖[烟花] 主题：志愿者 今日一词：服务 例会经理：莫婷 时间：6月9日 19:30-21:30 地点: 深圳南山•讯美科技3号楼4楼Space Max会议室 事务官开场：文星 主席致辞：卡卡 总主持：simon 来宾介绍：VPM 时间官：May 哼哈官：Jessica 语法官：莫婷 提问官：文星 即兴主持：莫婷 备稿演讲1：卡卡 备稿演讲2：史迪仔 备稿演讲3：[玫瑰] 即兴点评：女侠 备稿点评1：Jessica 备稿点评2：聪聪 备稿点评3：[玫瑰] 总点评：思玮 颁奖&真情分享：卡卡 拍照侠：ALL | I22: @所有人 [烟花]畅言779期报名帖[烟花] 主题：志愿者 今日一词：服务 例会经理：莫婷 时间：6月9日 19:30-21:30 地点: 深圳南山•讯美科技3号楼4楼Space Max会议室 事务官开场：文星 主席致辞：卡卡 总主持：simon 来宾介绍：VPM 时间官：May 哼哈官：Jessica 语法官：莫婷 提问官：文星 即兴主持：莫婷 备稿演讲1：卡卡 备稿演讲2：史迪仔 备稿演讲3：[玫瑰] 即兴点评：女侠 备稿点评1：Jessica 备稿点评2：聪聪 备稿点评3：[玫瑰] 总点评：思玮 颁奖&真情分享：卡卡 拍照侠：ALL | J22: @所有人 [烟花]畅言779期报名帖[烟花] 主题：志愿者 今日一词：服务 例会经理：莫婷 时间：6月9日 19:30-21:30 地点: 深圳南山•讯美科技3号楼4楼Space Max会议室 事务官开场：文星 主席致辞：卡卡 总主持：simon 来宾介绍：VPM 时间官：May 哼哈官：Jessica 语法官：莫婷 提问官：文星 即兴主持：莫婷 备稿演讲1：卡卡 备稿演讲2：史迪仔 备稿演讲3：[玫瑰] 即兴点评：女侠 备稿点评1：Jessica 备稿点评2：聪聪 备稿点评3：[玫瑰] 总点评：思玮 颁奖&真情分享：卡卡 拍照侠：ALL
B23: @所有人 [烟花]畅言779期报名帖[烟花] 主题：志愿者 今日一词：服务 例会经理：莫婷 时间：6月9日 19:30-21:30 地点: 深圳南山•讯美科技3号楼4楼Space Max会议室 事务官开场：文星 主席致辞：卡卡 总主持：simon 来宾介绍：VPM 时间官：May 哼哈官：Jessica 语法官：莫婷 提问官：文星 即兴主持：莫婷 备稿演讲1：卡卡 备稿演讲2：史迪仔 备稿演讲3：[玫瑰] 即兴点评：女侠 备稿点评1：Jessica 备稿点评2：聪聪 备稿点评3：[玫瑰] 总点评：思玮 颁奖&真情分享：卡卡 拍照侠：ALL | C23: @所有人 [烟花]畅言779期报名帖[烟花] 主题：志愿者 今日一词：服务 例会经理：莫婷 时间：6月9日 19:30-21:30 地点: 深圳南山•讯美科技3号楼4楼Space Max会议室 事务官开场：文星 主席致辞：卡卡 总主持：simon 来宾介绍：VPM 时间官：May 哼哈官：Jessica 语法官：莫婷 提问官：文星 即兴主持：莫婷 备稿演讲1：卡卡 备稿演讲2：史迪仔 备稿演讲3：[玫瑰] 即兴点评：女侠 备稿点评1：Jessica 备稿点评2：聪聪 备稿点评3：[玫瑰] 总点评：思玮 颁奖&真情分享：卡卡 拍照侠：ALL | D23: @所有人 [烟花]畅言779期报名帖[烟花] 主题：志愿者 今日一词：服务 例会经理：莫婷 时间：6月9日 19:30-21:30 地点: 深圳南山•讯美科技3号楼4楼Space Max会议室 事务官开场：文星 主席致辞：卡卡 总主持：simon 来宾介绍：VPM 时间官：May 哼哈官：Jessica 语法官：莫婷 提问官：文星 即兴主持：莫婷 备稿演讲1：卡卡 备稿演讲2：史迪仔 备稿演讲3：[玫瑰] 即兴点评：女侠 备稿点评1：Jessica 备稿点评2：聪聪 备稿点评3：[玫瑰] 总点评：思玮 颁奖&真情分享：卡卡 拍照侠：ALL | E23: @所有人 [烟花]畅言779期报名帖[烟花] 主题：志愿者 今日一词：服务 例会经理：莫婷 时间：6月9日 19:30-21:30 地点: 深圳南山•讯美科技3号楼4楼Space Max会议室 事务官开场：文星 主席致辞：卡卡 总主持：simon 来宾介绍：VPM 时间官：May 哼哈官：Jessica 语法官：莫婷 提问官：文星 即兴主持：莫婷 备稿演讲1：卡卡 备稿演讲2：史迪仔 备稿演讲3：[玫瑰] 即兴点评：女侠 备稿点评1：Jessica 备稿点评2：聪聪 备稿点评3：[玫瑰] 总点评：思玮 颁奖&真情分享：卡卡 拍照侠：ALL | F23: @所有人 [烟花]畅言779期报名帖[烟花] 主题：志愿者 今日一词：服务 例会经理：莫婷 时间：6月9日 19:30-21:30 地点: 深圳南山•讯美科技3号楼4楼Space Max会议室 事务官开场：文星 主席致辞：卡卡 总主持：simon 来宾介绍：VPM 时间官：May 哼哈官：Jessica 语法官：莫婷 提问官：文星 即兴主持：莫婷 备稿演讲1：卡卡 备稿演讲2：史迪仔 备稿演讲3：[玫瑰] 即兴点评：女侠 备稿点评1：Jessica 备稿点评2：聪聪 备稿点评3：[玫瑰] 总点评：思玮 颁奖&真情分享：卡卡 拍照侠：ALL | G23: @所有人 [烟花]畅言779期报名帖[烟花] 主题：志愿者 今日一词：服务 例会经理：莫婷 时间：6月9日 19:30-21:30 地点: 深圳南山•讯美科技3号楼4楼Space Max会议室 事务官开场：文星 主席致辞：卡卡 总主持：simon 来宾介绍：VPM 时间官：May 哼哈官：Jessica 语法官：莫婷 提问官：文星 即兴主持：莫婷 备稿演讲1：卡卡 备稿演讲2：史迪仔 备稿演讲3：[玫瑰] 即兴点评：女侠 备稿点评1：Jessica 备稿点评2：聪聪 备稿点评3：[玫瑰] 总点评：思玮 颁奖&真情分享：卡卡 拍照侠：ALL | H23: @所有人 [烟花]畅言779期报名帖[烟花] 主题：志愿者 今日一词：服务 例会经理：莫婷 时间：6月9日 19:30-21:30 地点: 深圳南山•讯美科技3号楼4楼Space Max会议室 事务官开场：文星 主席致辞：卡卡 总主持：simon 来宾介绍：VPM 时间官：May 哼哈官：Jessica 语法官：莫婷 提问官：文星 即兴主持：莫婷 备稿演讲1：卡卡 备稿演讲2：史迪仔 备稿演讲3：[玫瑰] 即兴点评：女侠 备稿点评1：Jessica 备稿点评2：聪聪 备稿点评3：[玫瑰] 总点评：思玮 颁奖&真情分享：卡卡 拍照侠：ALL | I23: @所有人 [烟花]畅言779期报名帖[烟花] 主题：志愿者 今日一词：服务 例会经理：莫婷 时间：6月9日 19:30-21:30 地点: 深圳南山•讯美科技3号楼4楼Space Max会议室 事务官开场：文星 主席致辞：卡卡 总主持：simon 来宾介绍：VPM 时间官：May 哼哈官：Jessica 语法官：莫婷 提问官：文星 即兴主持：莫婷 备稿演讲1：卡卡 备稿演讲2：史迪仔 备稿演讲3：[玫瑰] 即兴点评：女侠 备稿点评1：Jessica 备稿点评2：聪聪 备稿点评3：[玫瑰] 总点评：思玮 颁奖&真情分享：卡卡 拍照侠：ALL | J23: @所有人 [烟花]畅言779期报名帖[烟花] 主题：志愿者 今日一词：服务 例会经理：莫婷 时间：6月9日 19:30-21:30 地点: 深圳南山•讯美科技3号楼4楼Space Max会议室 事务官开场：文星 主席致辞：卡卡 总主持：simon 来宾介绍：VPM 时间官：May 哼哈官：Jessica 语法官：莫婷 提问官：文星 即兴主持：莫婷 备稿演讲1：卡卡 备稿演讲2：史迪仔 备稿演讲3：[玫瑰] 即兴点评：女侠 备稿点评1：Jessica 备稿点评2：聪聪 备稿点评3：[玫瑰] 总点评：思玮 颁奖&真情分享：卡卡 拍照侠：ALL | L23: ="地点："&计算区!$E$9 -> 地点：深圳南山•讯美科技3号楼4楼Space Max会议室
B24: @所有人 [烟花]畅言779期报名帖[烟花] 主题：志愿者 今日一词：服务 例会经理：莫婷 时间：6月9日 19:30-21:30 地点: 深圳南山•讯美科技3号楼4楼Space Max会议室 事务官开场：文星 主席致辞：卡卡 总主持：simon 来宾介绍：VPM 时间官：May 哼哈官：Jessica 语法官：莫婷 提问官：文星 即兴主持：莫婷 备稿演讲1：卡卡 备稿演讲2：史迪仔 备稿演讲3：[玫瑰] 即兴点评：女侠 备稿点评1：Jessica 备稿点评2：聪聪 备稿点评3：[玫瑰] 总点评：思玮 颁奖&真情分享：卡卡 拍照侠：ALL | C24: @所有人 [烟花]畅言779期报名帖[烟花] 主题：志愿者 今日一词：服务 例会经理：莫婷 时间：6月9日 19:30-21:30 地点: 深圳南山•讯美科技3号楼4楼Space Max会议室 事务官开场：文星 主席致辞：卡卡 总主持：simon 来宾介绍：VPM 时间官：May 哼哈官：Jessica 语法官：莫婷 提问官：文星 即兴主持：莫婷 备稿演讲1：卡卡 备稿演讲2：史迪仔 备稿演讲3：[玫瑰] 即兴点评：女侠 备稿点评1：Jessica 备稿点评2：聪聪 备稿点评3：[玫瑰] 总点评：思玮 颁奖&真情分享：卡卡 拍照侠：ALL | D24: @所有人 [烟花]畅言779期报名帖[烟花] 主题：志愿者 今日一词：服务 例会经理：莫婷 时间：6月9日 19:30-21:30 地点: 深圳南山•讯美科技3号楼4楼Space Max会议室 事务官开场：文星 主席致辞：卡卡 总主持：simon 来宾介绍：VPM 时间官：May 哼哈官：Jessica 语法官：莫婷 提问官：文星 即兴主持：莫婷 备稿演讲1：卡卡 备稿演讲2：史迪仔 备稿演讲3：[玫瑰] 即兴点评：女侠 备稿点评1：Jessica 备稿点评2：聪聪 备稿点评3：[玫瑰] 总点评：思玮 颁奖&真情分享：卡卡 拍照侠：ALL | E24: @所有人 [烟花]畅言779期报名帖[烟花] 主题：志愿者 今日一词：服务 例会经理：莫婷 时间：6月9日 19:30-21:30 地点: 深圳南山•讯美科技3号楼4楼Space Max会议室 事务官开场：文星 主席致辞：卡卡 总主持：simon 来宾介绍：VPM 时间官：May 哼哈官：Jessica 语法官：莫婷 提问官：文星 即兴主持：莫婷 备稿演讲1：卡卡 备稿演讲2：史迪仔 备稿演讲3：[玫瑰] 即兴点评：女侠 备稿点评1：Jessica 备稿点评2：聪聪 备稿点评3：[玫瑰] 总点评：思玮 颁奖&真情分享：卡卡 拍照侠：ALL | F24: @所有人 [烟花]畅言779期报名帖[烟花] 主题：志愿者 今日一词：服务 例会经理：莫婷 时间：6月9日 19:30-21:30 地点: 深圳南山•讯美科技3号楼4楼Space Max会议室 事务官开场：文星 主席致辞：卡卡 总主持：simon 来宾介绍：VPM 时间官：May 哼哈官：Jessica 语法官：莫婷 提问官：文星 即兴主持：莫婷 备稿演讲1：卡卡 备稿演讲2：史迪仔 备稿演讲3：[玫瑰] 即兴点评：女侠 备稿点评1：Jessica 备稿点评2：聪聪 备稿点评3：[玫瑰] 总点评：思玮 颁奖&真情分享：卡卡 拍照侠：ALL | G24: @所有人 [烟花]畅言779期报名帖[烟花] 主题：志愿者 今日一词：服务 例会经理：莫婷 时间：6月9日 19:30-21:30 地点: 深圳南山•讯美科技3号楼4楼Space Max会议室 事务官开场：文星 主席致辞：卡卡 总主持：simon 来宾介绍：VPM 时间官：May 哼哈官：Jessica 语法官：莫婷 提问官：文星 即兴主持：莫婷 备稿演讲1：卡卡 备稿演讲2：史迪仔 备稿演讲3：[玫瑰] 即兴点评：女侠 备稿点评1：Jessica 备稿点评2：聪聪 备稿点评3：[玫瑰] 总点评：思玮 颁奖&真情分享：卡卡 拍照侠：ALL | H24: @所有人 [烟花]畅言779期报名帖[烟花] 主题：志愿者 今日一词：服务 例会经理：莫婷 时间：6月9日 19:30-21:30 地点: 深圳南山•讯美科技3号楼4楼Space Max会议室 事务官开场：文星 主席致辞：卡卡 总主持：simon 来宾介绍：VPM 时间官：May 哼哈官：Jessica 语法官：莫婷 提问官：文星 即兴主持：莫婷 备稿演讲1：卡卡 备稿演讲2：史迪仔 备稿演讲3：[玫瑰] 即兴点评：女侠 备稿点评1：Jessica 备稿点评2：聪聪 备稿点评3：[玫瑰] 总点评：思玮 颁奖&真情分享：卡卡 拍照侠：ALL | I24: @所有人 [烟花]畅言779期报名帖[烟花] 主题：志愿者 今日一词：服务 例会经理：莫婷 时间：6月9日 19:30-21:30 地点: 深圳南山•讯美科技3号楼4楼Space Max会议室 事务官开场：文星 主席致辞：卡卡 总主持：simon 来宾介绍：VPM 时间官：May 哼哈官：Jessica 语法官：莫婷 提问官：文星 即兴主持：莫婷 备稿演讲1：卡卡 备稿演讲2：史迪仔 备稿演讲3：[玫瑰] 即兴点评：女侠 备稿点评1：Jessica 备稿点评2：聪聪 备稿点评3：[玫瑰] 总点评：思玮 颁奖&真情分享：卡卡 拍照侠：ALL | J24: @所有人 [烟花]畅言779期报名帖[烟花] 主题：志愿者 今日一词：服务 例会经理：莫婷 时间：6月9日 19:30-21:30 地点: 深圳南山•讯美科技3号楼4楼Space Max会议室 事务官开场：文星 主席致辞：卡卡 总主持：simon 来宾介绍：VPM 时间官：May 哼哈官：Jessica 语法官：莫婷 提问官：文星 即兴主持：莫婷 备稿演讲1：卡卡 备稿演讲2：史迪仔 备稿演讲3：[玫瑰] 即兴点评：女侠 备稿点评1：Jessica 备稿点评2：聪聪 备稿点评3：[玫瑰] 总点评：思玮 颁奖&真情分享：卡卡 拍照侠：ALL | L24: ="解析角色数："&计算区!$E$12&" · 生成项目数："&计算区!$E$13 -> 解析角色数：22 · 生成项目数：21
B25: @所有人 [烟花]畅言779期报名帖[烟花] 主题：志愿者 今日一词：服务 例会经理：莫婷 时间：6月9日 19:30-21:30 地点: 深圳南山•讯美科技3号楼4楼Space Max会议室 事务官开场：文星 主席致辞：卡卡 总主持：simon 来宾介绍：VPM 时间官：May 哼哈官：Jessica 语法官：莫婷 提问官：文星 即兴主持：莫婷 备稿演讲1：卡卡 备稿演讲2：史迪仔 备稿演讲3：[玫瑰] 即兴点评：女侠 备稿点评1：Jessica 备稿点评2：聪聪 备稿点评3：[玫瑰] 总点评：思玮 颁奖&真情分享：卡卡 拍照侠：ALL | C25: @所有人 [烟花]畅言779期报名帖[烟花] 主题：志愿者 今日一词：服务 例会经理：莫婷 时间：6月9日 19:30-21:30 地点: 深圳南山•讯美科技3号楼4楼Space Max会议室 事务官开场：文星 主席致辞：卡卡 总主持：simon 来宾介绍：VPM 时间官：May 哼哈官：Jessica 语法官：莫婷 提问官：文星 即兴主持：莫婷 备稿演讲1：卡卡 备稿演讲2：史迪仔 备稿演讲3：[玫瑰] 即兴点评：女侠 备稿点评1：Jessica 备稿点评2：聪聪 备稿点评3：[玫瑰] 总点评：思玮 颁奖&真情分享：卡卡 拍照侠：ALL | D25: @所有人 [烟花]畅言779期报名帖[烟花] 主题：志愿者 今日一词：服务 例会经理：莫婷 时间：6月9日 19:30-21:30 地点: 深圳南山•讯美科技3号楼4楼Space Max会议室 事务官开场：文星 主席致辞：卡卡 总主持：simon 来宾介绍：VPM 时间官：May 哼哈官：Jessica 语法官：莫婷 提问官：文星 即兴主持：莫婷 备稿演讲1：卡卡 备稿演讲2：史迪仔 备稿演讲3：[玫瑰] 即兴点评：女侠 备稿点评1：Jessica 备稿点评2：聪聪 备稿点评3：[玫瑰] 总点评：思玮 颁奖&真情分享：卡卡 拍照侠：ALL | E25: @所有人 [烟花]畅言779期报名帖[烟花] 主题：志愿者 今日一词：服务 例会经理：莫婷 时间：6月9日 19:30-21:30 地点: 深圳南山•讯美科技3号楼4楼Space Max会议室 事务官开场：文星 主席致辞：卡卡 总主持：simon 来宾介绍：VPM 时间官：May 哼哈官：Jessica 语法官：莫婷 提问官：文星 即兴主持：莫婷 备稿演讲1：卡卡 备稿演讲2：史迪仔 备稿演讲3：[玫瑰] 即兴点评：女侠 备稿点评1：Jessica 备稿点评2：聪聪 备稿点评3：[玫瑰] 总点评：思玮 颁奖&真情分享：卡卡 拍照侠：ALL | F25: @所有人 [烟花]畅言779期报名帖[烟花] 主题：志愿者 今日一词：服务 例会经理：莫婷 时间：6月9日 19:30-21:30 地点: 深圳南山•讯美科技3号楼4楼Space Max会议室 事务官开场：文星 主席致辞：卡卡 总主持：simon 来宾介绍：VPM 时间官：May 哼哈官：Jessica 语法官：莫婷 提问官：文星 即兴主持：莫婷 备稿演讲1：卡卡 备稿演讲2：史迪仔 备稿演讲3：[玫瑰] 即兴点评：女侠 备稿点评1：Jessica 备稿点评2：聪聪 备稿点评3：[玫瑰] 总点评：思玮 颁奖&真情分享：卡卡 拍照侠：ALL | G25: @所有人 [烟花]畅言779期报名帖[烟花] 主题：志愿者 今日一词：服务 例会经理：莫婷 时间：6月9日 19:30-21:30 地点: 深圳南山•讯美科技3号楼4楼Space Max会议室 事务官开场：文星 主席致辞：卡卡 总主持：simon 来宾介绍：VPM 时间官：May 哼哈官：Jessica 语法官：莫婷 提问官：文星 即兴主持：莫婷 备稿演讲1：卡卡 备稿演讲2：史迪仔 备稿演讲3：[玫瑰] 即兴点评：女侠 备稿点评1：Jessica 备稿点评2：聪聪 备稿点评3：[玫瑰] 总点评：思玮 颁奖&真情分享：卡卡 拍照侠：ALL | H25: @所有人 [烟花]畅言779期报名帖[烟花] 主题：志愿者 今日一词：服务 例会经理：莫婷 时间：6月9日 19:30-21:30 地点: 深圳南山•讯美科技3号楼4楼Space Max会议室 事务官开场：文星 主席致辞：卡卡 总主持：simon 来宾介绍：VPM 时间官：May 哼哈官：Jessica 语法官：莫婷 提问官：文星 即兴主持：莫婷 备稿演讲1：卡卡 备稿演讲2：史迪仔 备稿演讲3：[玫瑰] 即兴点评：女侠 备稿点评1：Jessica 备稿点评2：聪聪 备稿点评3：[玫瑰] 总点评：思玮 颁奖&真情分享：卡卡 拍照侠：ALL | I25: @所有人 [烟花]畅言779期报名帖[烟花] 主题：志愿者 今日一词：服务 例会经理：莫婷 时间：6月9日 19:30-21:30 地点: 深圳南山•讯美科技3号楼4楼Space Max会议室 事务官开场：文星 主席致辞：卡卡 总主持：simon 来宾介绍：VPM 时间官：May 哼哈官：Jessica 语法官：莫婷 提问官：文星 即兴主持：莫婷 备稿演讲1：卡卡 备稿演讲2：史迪仔 备稿演讲3：[玫瑰] 即兴点评：女侠 备稿点评1：Jessica 备稿点评2：聪聪 备稿点评3：[玫瑰] 总点评：思玮 颁奖&真情分享：卡卡 拍照侠：ALL | J25: @所有人 [烟花]畅言779期报名帖[烟花] 主题：志愿者 今日一词：服务 例会经理：莫婷 时间：6月9日 19:30-21:30 地点: 深圳南山•讯美科技3号楼4楼Space Max会议室 事务官开场：文星 主席致辞：卡卡 总主持：simon 来宾介绍：VPM 时间官：May 哼哈官：Jessica 语法官：莫婷 提问官：文星 即兴主持：莫婷 备稿演讲1：卡卡 备稿演讲2：史迪仔 备稿演讲3：[玫瑰] 即兴点评：女侠 备稿点评1：Jessica 备稿点评2：聪聪 备稿点评3：[玫瑰] 总点评：思玮 颁奖&真情分享：卡卡 拍照侠：ALL | L25: =IF(计算区!$E$11="","接龙字段已解析；切换来源后生效。",计算区!$E$11) -> 接龙字段已解析；切换来源后生效。
B26: @所有人 [烟花]畅言779期报名帖[烟花] 主题：志愿者 今日一词：服务 例会经理：莫婷 时间：6月9日 19:30-21:30 地点: 深圳南山•讯美科技3号楼4楼Space Max会议室 事务官开场：文星 主席致辞：卡卡 总主持：simon 来宾介绍：VPM 时间官：May 哼哈官：Jessica 语法官：莫婷 提问官：文星 即兴主持：莫婷 备稿演讲1：卡卡 备稿演讲2：史迪仔 备稿演讲3：[玫瑰] 即兴点评：女侠 备稿点评1：Jessica 备稿点评2：聪聪 备稿点评3：[玫瑰] 总点评：思玮 颁奖&真情分享：卡卡 拍照侠：ALL | C26: @所有人 [烟花]畅言779期报名帖[烟花] 主题：志愿者 今日一词：服务 例会经理：莫婷 时间：6月9日 19:30-21:30 地点: 深圳南山•讯美科技3号楼4楼Space Max会议室 事务官开场：文星 主席致辞：卡卡 总主持：simon 来宾介绍：VPM 时间官：May 哼哈官：Jessica 语法官：莫婷 提问官：文星 即兴主持：莫婷 备稿演讲1：卡卡 备稿演讲2：史迪仔 备稿演讲3：[玫瑰] 即兴点评：女侠 备稿点评1：Jessica 备稿点评2：聪聪 备稿点评3：[玫瑰] 总点评：思玮 颁奖&真情分享：卡卡 拍照侠：ALL | D26: @所有人 [烟花]畅言779期报名帖[烟花] 主题：志愿者 今日一词：服务 例会经理：莫婷 时间：6月9日 19:30-21:30 地点: 深圳南山•讯美科技3号楼4楼Space Max会议室 事务官开场：文星 主席致辞：卡卡 总主持：simon 来宾介绍：VPM 时间官：May 哼哈官：Jessica 语法官：莫婷 提问官：文星 即兴主持：莫婷 备稿演讲1：卡卡 备稿演讲2：史迪仔 备稿演讲3：[玫瑰] 即兴点评：女侠 备稿点评1：Jessica 备稿点评2：聪聪 备稿点评3：[玫瑰] 总点评：思玮 颁奖&真情分享：卡卡 拍照侠：ALL | E26: @所有人 [烟花]畅言779期报名帖[烟花] 主题：志愿者 今日一词：服务 例会经理：莫婷 时间：6月9日 19:30-21:30 地点: 深圳南山•讯美科技3号楼4楼Space Max会议室 事务官开场：文星 主席致辞：卡卡 总主持：simon 来宾介绍：VPM 时间官：May 哼哈官：Jessica 语法官：莫婷 提问官：文星 即兴主持：莫婷 备稿演讲1：卡卡 备稿演讲2：史迪仔 备稿演讲3：[玫瑰] 即兴点评：女侠 备稿点评1：Jessica 备稿点评2：聪聪 备稿点评3：[玫瑰] 总点评：思玮 颁奖&真情分享：卡卡 拍照侠：ALL | F26: @所有人 [烟花]畅言779期报名帖[烟花] 主题：志愿者 今日一词：服务 例会经理：莫婷 时间：6月9日 19:30-21:30 地点: 深圳南山•讯美科技3号楼4楼Space Max会议室 事务官开场：文星 主席致辞：卡卡 总主持：simon 来宾介绍：VPM 时间官：May 哼哈官：Jessica 语法官：莫婷 提问官：文星 即兴主持：莫婷 备稿演讲1：卡卡 备稿演讲2：史迪仔 备稿演讲3：[玫瑰] 即兴点评：女侠 备稿点评1：Jessica 备稿点评2：聪聪 备稿点评3：[玫瑰] 总点评：思玮 颁奖&真情分享：卡卡 拍照侠：ALL | G26: @所有人 [烟花]畅言779期报名帖[烟花] 主题：志愿者 今日一词：服务 例会经理：莫婷 时间：6月9日 19:30-21:30 地点: 深圳南山•讯美科技3号楼4楼Space Max会议室 事务官开场：文星 主席致辞：卡卡 总主持：simon 来宾介绍：VPM 时间官：May 哼哈官：Jessica 语法官：莫婷 提问官：文星 即兴主持：莫婷 备稿演讲1：卡卡 备稿演讲2：史迪仔 备稿演讲3：[玫瑰] 即兴点评：女侠 备稿点评1：Jessica 备稿点评2：聪聪 备稿点评3：[玫瑰] 总点评：思玮 颁奖&真情分享：卡卡 拍照侠：ALL | H26: @所有人 [烟花]畅言779期报名帖[烟花] 主题：志愿者 今日一词：服务 例会经理：莫婷 时间：6月9日 19:30-21:30 地点: 深圳南山•讯美科技3号楼4楼Space Max会议室 事务官开场：文星 主席致辞：卡卡 总主持：simon 来宾介绍：VPM 时间官：May 哼哈官：Jessica 语法官：莫婷 提问官：文星 即兴主持：莫婷 备稿演讲1：卡卡 备稿演讲2：史迪仔 备稿演讲3：[玫瑰] 即兴点评：女侠 备稿点评1：Jessica 备稿点评2：聪聪 备稿点评3：[玫瑰] 总点评：思玮 颁奖&真情分享：卡卡 拍照侠：ALL | I26: @所有人 [烟花]畅言779期报名帖[烟花] 主题：志愿者 今日一词：服务 例会经理：莫婷 时间：6月9日 19:30-21:30 地点: 深圳南山•讯美科技3号楼4楼Space Max会议室 事务官开场：文星 主席致辞：卡卡 总主持：simon 来宾介绍：VPM 时间官：May 哼哈官：Jessica 语法官：莫婷 提问官：文星 即兴主持：莫婷 备稿演讲1：卡卡 备稿演讲2：史迪仔 备稿演讲3：[玫瑰] 即兴点评：女侠 备稿点评1：Jessica 备稿点评2：聪聪 备稿点评3：[玫瑰] 总点评：思玮 颁奖&真情分享：卡卡 拍照侠：ALL | J26: @所有人 [烟花]畅言779期报名帖[烟花] 主题：志愿者 今日一词：服务 例会经理：莫婷 时间：6月9日 19:30-21:30 地点: 深圳南山•讯美科技3号楼4楼Space Max会议室 事务官开场：文星 主席致辞：卡卡 总主持：simon 来宾介绍：VPM 时间官：May 哼哈官：Jessica 语法官：莫婷 提问官：文星 即兴主持：莫婷 备稿演讲1：卡卡 备稿演讲2：史迪仔 备稿演讲3：[玫瑰] 即兴点评：女侠 备稿点评1：Jessica 备稿点评2：聪聪 备稿点评3：[玫瑰] 总点评：思玮 颁奖&真情分享：卡卡 拍照侠：ALL | L26: 未识别内容：完整原文保留在左侧；右侧未显示的内容请人工核对。 | M26: 未识别内容：完整原文保留在左侧；右侧未显示的内容请人工核对。 | N26: 未识别内容：完整原文保留在左侧；右侧未显示的内容请人工核对。 | O26: 未识别内容：完整原文保留在左侧；右侧未显示的内容请人工核对。 | P26: 未识别内容：完整原文保留在左侧；右侧未显示的内容请人工核对。
A28: 状态检查 | B28: 状态检查 | C28: 状态检查 | D28: 状态检查 | E28: 状态检查 | F28: 状态检查 | G28: 状态检查 | H28: 状态检查 | I28: 状态检查 | J28: 状态检查 | K28: 状态检查 | L28: 状态检查 | M28: 状态检查 | N28: 状态检查 | O28: 状态检查 | P28: 状态检查
B30: =_xlfn.LET(_xlpm.n,SUM(议程编辑!$S$4:$S$63),_xlpm.bad,计算区!$E$15,_xlpm.missing,计算区!$E$14,_xlpm.overtime,ROUND(计算区!$E$16,0),_xlpm.dateWarning,计算区!$E$11,_xlpm.w,IF(_xlpm.n>60,"议程超过60项，请精简后再打印。"&CHAR(10),"")&IF(_xlpm.n>30,"议程超过单页容量，将使用A4续页。"&CHAR(10),"")&IF(_xlpm.bad>0,"存在缺少或非法排程分钟，后续排程已停止。"&CHAR(10),"")&IF(_xlpm.missing>0,"仍有"&_xlpm.missing&"个负责人待定。"&CHAR(10),"")&IF(_xlpm.overtime>0,"预计超时"&_xlpm.overtime&"分钟。"&CHAR(10),"")&IF(_xlpm.dateWarning<>"",_xlpm.dateWarning,""),IF(_xlpm.w="","议程状态正常，可以检查 A4 成品。",_xlpm.w)) -> 仍有23个负责人待定。
B34: 操作顺序：先选来源 → 检查“议程编辑”黄色修正列 → 查看 A4议程；超过30项时再打印 A4续页。 | C34: 操作顺序：先选来源 → 检查“议程编辑”黄色修正列 → 查看 A4议程；超过30项时再打印 A4续页。 | D34: 操作顺序：先选来源 → 检查“议程编辑”黄色修正列 → 查看 A4议程；超过30项时再打印 A4续页。 | E34: 操作顺序：先选来源 → 检查“议程编辑”黄色修正列 → 查看 A4议程；超过30项时再打印 A4续页。 | F34: 操作顺序：先选来源 → 检查“议程编辑”黄色修正列 → 查看 A4议程；超过30项时再打印 A4续页。 | G34: 操作顺序：先选来源 → 检查“议程编辑”黄色修正列 → 查看 A4议程；超过30项时再打印 A4续页。 | H34: 操作顺序：先选来源 → 检查“议程编辑”黄色修正列 → 查看 A4议程；超过30项时再打印 A4续页。 | I34: 操作顺序：先选来源 → 检查“议程编辑”黄色修正列 → 查看 A4议程；超过30项时再打印 A4续页。 | J34: 操作顺序：先选来源 → 检查“议程编辑”黄色修正列 → 查看 A4议程；超过30项时再打印 A4续页。 | K34: 操作顺序：先选来源 → 检查“议程编辑”黄色修正列 → 查看 A4议程；超过30项时再打印 A4续页。 | L34: 操作顺序：先选来源 → 检查“议程编辑”黄色修正列 → 查看 A4议程；超过30项时再打印 A4续页。 | M34: 操作顺序：先选来源 → 检查“议程编辑”黄色修正列 → 查看 A4议程；超过30项时再打印 A4续页。 | N34: 操作顺序：先选来源 → 检查“议程编辑”黄色修正列 → 查看 A4议程；超过30项时再打印 A4续页。 | O34: 操作顺序：先选来源 → 检查“议程编辑”黄色修正列 → 查看 A4议程；超过30项时再打印 A4续页。 | P34: 操作顺序：先选来源 → 检查“议程编辑”黄色修正列 → 查看 A4议程；超过30项时再打印 A4续页。

Sheet 议程编辑
A1: 议程编辑与手工修正 | B1: 议程编辑与手工修正 | C1: 议程编辑与手工修正 | D1: 议程编辑与手工修正 | E1: 议程编辑与手工修正 | F1: 议程编辑与手工修正 | G1: 议程编辑与手工修正 | H1: 议程编辑与手工修正 | I1: 议程编辑与手工修正 | J1: 议程编辑与手工修正 | K1: 议程编辑与手工修正 | L1: 议程编辑与手工修正 | M1: 议程编辑与手工修正 | N1: 议程编辑与手工修正 | O1: 议程编辑与手工修正 | P1: 议程编辑与手工修正 | Q1: 议程编辑与手工修正 | R1: 辅助
A2: 议程编辑与手工修正 | B2: 议程编辑与手工修正 | C2: 议程编辑与手工修正 | D2: 议程编辑与手工修正 | E2: 议程编辑与手工修正 | F2: 议程编辑与手工修正 | G2: 议程编辑与手工修正 | H2: 议程编辑与手工修正 | I2: 议程编辑与手工修正 | J2: 议程编辑与手工修正 | K2: 议程编辑与手工修正 | L2: 议程编辑与手工修正 | M2: 议程编辑与手工修正 | N2: 议程编辑与手工修正 | O2: 议程编辑与手工修正 | P2: 议程编辑与手工修正 | Q2: 议程编辑与手工修正
A3: 序号 | B3: 项目键 | C3: 分组编号 | D3: 分组名称 | E3: 类型 | F3: 自动开始时间 | G3: 来源标题 | H3: 来源说明 | I3: 来源时长 | J3: 来源排程分钟 | K3: 来源负责人 | L3: 修正标题 | M3: 修正说明 | N3: 修正时长 | O3: 修正排程分钟 | P3: 修正负责人 | Q3: 状态 | R3: 预计结束时间 | S3: 活动行
A4: 1 | B4: {=IF(操作台!$B$4="议程模板",_xlfn.LET(_xlpm.v,IFERROR(INDEX(_xlfn._xlws.FILTER(模板库!$D$2:$D$1000,(模板库!$B$2:$B$1000=操作台!$F$4)*(模板库!$E$2:$E$1000="item")),1),""),IF(OR(_xlpm.v="",_xlpm.v=0),"",_xlpm.v)),IF(操作台!$B$4="接龙导入",IFERROR(INDEX(计算区!$F$5:$F$25,1),""),IF(COUNTA($L4:$P4)>0,"manual-"&TEXT($A4,"00"),"")))} -> i-guest-checkin | C4: {=IF(操作台!$B$4="议程模板",_xlfn.LET(_xlpm.v,IFERROR(INDEX(_xlfn._xlws.FILTER(模板库!$F$2:$F$1000,(模板库!$B$2:$B$1000=操作台!$F$4)*(模板库!$E$2:$E$1000="item")),1),""),IF(OR(_xlpm.v="",_xlpm.v=0),"",_xlpm.v)),IF(操作台!$B$4="接龙导入",IFERROR(INDEX(计算区!$G$5:$G$25,1),""),IF(COUNTA($L4:$P4)>0,1,"")))} -> 1 | D4: {=IF(操作台!$B$4="议程模板",_xlfn.LET(_xlpm.v,IFERROR(INDEX(_xlfn._xlws.FILTER(模板库!$G$2:$G$1000,(模板库!$B$2:$B$1000=操作台!$F$4)*(模板库!$E$2:$E$1000="item")),1),""),IF(OR(_xlpm.v="",_xlpm.v=0),"",_xlpm.v)),IF(操作台!$B$4="接龙导入",IFERROR(INDEX(计算区!$H$5:$H$25,1),""),IF(COUNTA($L4:$P4)>0,"手工议程","")))} -> 开场环节 | E4: {=IF(操作台!$B$4="议程模板",_xlfn.LET(_xlpm.v,IFERROR(INDEX(_xlfn._xlws.FILTER(模板库!$M$2:$M$1000,(模板库!$B$2:$B$1000=操作台!$F$4)*(模板库!$E$2:$E$1000="item")),1),""),IF(OR(_xlpm.v="",_xlpm.v=0),"",_xlpm.v)),IF(操作台!$B$4="接龙导入",IFERROR(INDEX(计算区!$N$5:$N$25,1),""),IF(COUNTA($L4:$P4)>0,"plain","")))} -> plain | F4: =IF($B4="","",IF(操作台!$B$4="接龙导入",IF(计算区!$E$7<>"",计算区!$E$7,操作台!$F$10),操作台!$F$10)) -> 0.80555556 | G4: {=IF(操作台!$B$4="议程模板",_xlfn.LET(_xlpm.v,IFERROR(INDEX(_xlfn._xlws.FILTER(模板库!$H$2:$H$1000,(模板库!$B$2:$B$1000=操作台!$F$4)*(模板库!$E$2:$E$1000="item")),1),""),IF(OR(_xlpm.v="",_xlpm.v=0),"",_xlpm.v)),IF(操作台!$B$4="接龙导入",IFERROR(INDEX(计算区!$I$5:$I$25,1),""),""))} -> 来宾入会，相互认识与交流 | H4: {=IF(操作台!$B$4="议程模板",_xlfn.LET(_xlpm.v,IFERROR(INDEX(_xlfn._xlws.FILTER(模板库!$I$2:$I$1000,(模板库!$B$2:$B$1000=操作台!$F$4)*(模板库!$E$2:$E$1000="item")),1),""),IF(OR(_xlpm.v="",_xlpm.v=0),"",_xlpm.v)),IF(操作台!$B$4="接龙导入","",""))} | I4: {=IF(操作台!$B$4="议程模板",_xlfn.LET(_xlpm.v,IFERROR(INDEX(_xlfn._xlws.FILTER(模板库!$J$2:$J$1000,(模板库!$B$2:$B$1000=操作台!$F$4)*(模板库!$E$2:$E$1000="item")),1),""),IF(OR(_xlpm.v="",_xlpm.v=0),"",_xlpm.v)),IF(操作台!$B$4="接龙导入",IFERROR(INDEX(计算区!$J$5:$J$25,1),""),""))} -> 5 | J4: {=IF(操作台!$B$4="议程模板",_xlfn.LET(_xlpm.v,IFERROR(INDEX(_xlfn._xlws.FILTER(模板库!$K$2:$K$1000,(模板库!$B$2:$B$1000=操作台!$F$4)*(模板库!$E$2:$E$1000="item")),1),""),IF(OR(_xlpm.v="",_xlpm.v=0),"",_xlpm.v)),IF(操作台!$B$4="接龙导入",IFERROR(INDEX(计算区!$K$5:$K$25,1),""),""))} -> 5 | K4: {=IF(操作台!$B$4="议程模板",_xlfn.LET(_xlpm.v,IFERROR(INDEX(_xlfn._xlws.FILTER(模板库!$L$2:$L$1000,(模板库!$B$2:$B$1000=操作台!$F$4)*(模板库!$E$2:$E$1000="item")),1),""),IF(OR(_xlpm.v="",_xlpm.v=0),"",_xlpm.v)),IF(操作台!$B$4="接龙导入",IFERROR(INDEX(计算区!$M$5:$M$25,1),""),""))} -> 全体会员 | Q4: =IF($B4="","",_xlfn.LET(_xlpm.m,IF($O4<>"",$O4,$J4),_xlpm.p,IF($P4<>"",$P4,IF($K4="","待定",$K4)),_xlpm.title,IF($L4<>"",$L4,$G4),_xlfn.TEXTJOIN("；",TRUE,IF(_xlpm.title="","缺少标题",""),IF(_xlpm.m="","缺少排程分钟",IF(NOT(ISNUMBER(_xlpm.m)),"排程分钟无效","")),IF(_xlpm.p="待定","负责人待定",""),IF(AND($A4>1,$F4=""),"前序排程中断","")))) | R4: =IF($B4="","",IF(OR($F4="",IF($O4<>"",NOT(ISNUMBER($O4)),NOT(ISNUMBER($J4)))),"",$F4+IF($O4<>"",$O4,$J4)/1440)) -> 0.80902778 | S4: =IF($B4="",0,1) -> 1
A5: 2 | B5: {=IF(操作台!$B$4="议程模板",_xlfn.LET(_xlpm.v,IFERROR(INDEX(_xlfn._xlws.FILTER(模板库!$D$2:$D$1000,(模板库!$B$2:$B$1000=操作台!$F$4)*(模板库!$E$2:$E$1000="item")),2),""),IF(OR(_xlpm.v="",_xlpm.v=0),"",_xlpm.v)),IF(操作台!$B$4="接龙导入",IFERROR(INDEX(计算区!$F$5:$F$25,2),""),IF(COUNTA($L5:$P5)>0,"manual-"&TEXT($A5,"00"),"")))} -> i-warmup | C5: {=IF(操作台!$B$4="议程模板",_xlfn.LET(_xlpm.v,IFERROR(INDEX(_xlfn._xlws.FILTER(模板库!$F$2:$F$1000,(模板库!$B$2:$B$1000=操作台!$F$4)*(模板库!$E$2:$E$1000="item")),2),""),IF(OR(_xlpm.v="",_xlpm.v=0),"",_xlpm.v)),IF(操作台!$B$4="接龙导入",IFERROR(INDEX(计算区!$G$5:$G$25,2),""),IF(COUNTA($L5:$P5)>0,1,"")))} -> 1 | D5: {=IF(操作台!$B$4="议程模板",_xlfn.LET(_xlpm.v,IFERROR(INDEX(_xlfn._xlws.FILTER(模板库!$G$2:$G$1000,(模板库!$B$2:$B$1000=操作台!$F$4)*(模板库!$E$2:$E$1000="item")),2),""),IF(OR(_xlpm.v="",_xlpm.v=0),"",_xlpm.v)),IF(操作台!$B$4="接龙导入",IFERROR(INDEX(计算区!$H$5:$H$25,2),""),IF(COUNTA($L5:$P5)>0,"手工议程","")))} -> 开场环节 | E5: {=IF(操作台!$B$4="议程模板",_xlfn.LET(_xlpm.v,IFERROR(INDEX(_xlfn._xlws.FILTER(模板库!$M$2:$M$1000,(模板库!$B$2:$B$1000=操作台!$F$4)*(模板库!$E$2:$E$1000="item")),2),""),IF(OR(_xlpm.v="",_xlpm.v=0),"",_xlpm.v)),IF(操作台!$B$4="接龙导入",IFERROR(INDEX(计算区!$N$5:$N$25,2),""),IF(COUNTA($L5:$P5)>0,"plain","")))} -> plain | F5: =IF($B5="","",IF(COUNTIF($Q$4:$Q4,"*排程*")>0,"",IF(COUNTIF($B$4:$B4,"<>")=0,IF(操作台!$B$4="接龙导入",IF(计算区!$E$7<>"",计算区!$E$7,操作台!$F$10),操作台!$F$10),MAX($R$4:$R4)))) -> 0.80902778 | G5: {=IF(操作台!$B$4="议程模板",_xlfn.LET(_xlpm.v,IFERROR(INDEX(_xlfn._xlws.FILTER(模板库!$H$2:$H$1000,(模板库!$B$2:$B$1000=操作台!$F$4)*(模板库!$E$2:$E$1000="item")),2),""),IF(OR(_xlpm.v="",_xlpm.v=0),"",_xlpm.v)),IF(操作台!$B$4="接龙导入",IFERROR(INDEX(计算区!$I$5:$I$25,2),""),""))} -> 暖场互动 | H5: {=IF(操作台!$B$4="议程模板",_xlfn.LET(_xlpm.v,IFERROR(INDEX(_xlfn._xlws.FILTER(模板库!$I$2:$I$1000,(模板库!$B$2:$B$1000=操作台!$F$4)*(模板库!$E$2:$E$1000="item")),2),""),IF(OR(_xlpm.v="",_xlpm.v=0),"",_xlpm.v)),IF(操作台!$B$4="接龙导入","",""))} | I5: {=IF(操作台!$B$4="议程模板",_xlfn.LET(_xlpm.v,IFERROR(INDEX(_xlfn._xlws.FILTER(模板库!$J$2:$J$1000,(模板库!$B$2:$B$1000=操作台!$F$4)*(模板库!$E$2:$E$1000="item")),2),""),IF(OR(_xlpm.v="",_xlpm.v=0),"",_xlpm.v)),IF(操作台!$B$4="接龙导入",IFERROR(INDEX(计算区!$J$5:$J$25,2),""),""))} -> 5 | J5: {=IF(操作台!$B$4="议程模板",_xlfn.LET(_xlpm.v,IFERROR(INDEX(_xlfn._xlws.FILTER(模板库!$K$2:$K$1000,(模板库!$B$2:$B$1000=操作台!$F$4)*(模板库!$E$2:$E$1000="item")),2),""),IF(OR(_xlpm.v="",_xlpm.v=0),"",_xlpm.v)),IF(操作台!$B$4="接龙导入",IFERROR(INDEX(计算区!$K$5:$K$25,2),""),""))} -> 5 | K5: {=IF(操作台!$B$4="议程模板",_xlfn.LET(_xlpm.v,IFERROR(INDEX(_xlfn._xlws.FILTER(模板库!$L$2:$L$1000,(模板库!$B$2:$B$1000=操作台!$F$4)*(模板库!$E$2:$E$1000="item")),2),""),IF(OR(_xlpm.v="",_xlpm.v=0),"",_xlpm.v)),IF(操作台!$B$4="接龙导入",IFERROR(INDEX(计算区!$M$5:$M$25,2),""),""))} -> 全体会员 | Q5: =IF($B5="","",_xlfn.LET(_xlpm.m,IF($O5<>"",$O5,$J5),_xlpm.p,IF($P5<>"",$P5,IF($K5="","待定",$K5)),_xlpm.title,IF($L5<>"",$L5,$G5),_xlfn.TEXTJOIN("；",TRUE,IF(_xlpm.title="","缺少标题",""),IF(_xlpm.m="","缺少排程分钟",IF(NOT(ISNUMBER(_xlpm.m)),"排程分钟无效","")),IF(_xlpm.p="待定","负责人待定",""),IF(AND($A5>1,$F5=""),"前序排程中断","")))) | R5: =IF($B5="","",IF(OR($F5="",IF($O5<>"",NOT(ISNUMBER($O5)),NOT(ISNUMBER($J5)))),"",$F5+IF($O5<>"",$O5,$J5)/1440)) -> 0.8125 | S5: =IF($B5="",0,1) -> 1
A6: 3 | B6: {=IF(操作台!$B$4="议程模板",_xlfn.LET(_xlpm.v,IFERROR(INDEX(_xlfn._xlws.FILTER(模板库!$D$2:$D$1000,(模板库!$B$2:$B$1000=操作台!$F$4)*(模板库!$E$2:$E$1000="item")),3),""),IF(OR(_xlpm.v="",_xlpm.v=0),"",_xlpm.v)),IF(操作台!$B$4="接龙导入",IFERROR(INDEX(计算区!$F$5:$F$25,3),""),IF(COUNTA($L6:$P6)>0,"manual-"&TEXT($A6,"00"),"")))} -> i-rules | C6: {=IF(操作台!$B$4="议程模板",_xlfn.LET(_xlpm.v,IFERROR(INDEX(_xlfn._xlws.FILTER(模板库!$F$2:$F$1000,(模板库!$B$2:$B$1000=操作台!$F$4)*(模板库!$E$2:$E$1000="item")),3),""),IF(OR(_xlpm.v="",_xlpm.v=0),"",_xlpm.v)),IF(操作台!$B$4="接龙导入",IFERROR(INDEX(计算区!$G$5:$G$25,3),""),IF(COUNTA($L6:$P6)>0,1,"")))} -> 1 | D6: {=IF(操作台!$B$4="议程模板",_xlfn.LET(_xlpm.v,IFERROR(INDEX(_xlfn._xlws.FILTER(模板库!$G$2:$G$1000,(模板库!$B$2:$B$1000=操作台!$F$4)*(模板库!$E$2:$E$1000="item")),3),""),IF(OR(_xlpm.v="",_xlpm.v=0),"",_xlpm.v)),IF(操作台!$B$4="接龙导入",IFERROR(INDEX(计算区!$H$5:$H$25,3),""),IF(COUNTA($L6:$P6)>0,"手工议程","")))} -> 开场环节 | E6: {=IF(操作台!$B$4="议程模板",_xlfn.LET(_xlpm.v,IFERROR(INDEX(_xlfn._xlws.FILTER(模板库!$M$2:$M$1000,(模板库!$B$2:$B$1000=操作台!$F$4)*(模板库!$E$2:$E$1000="item")),3),""),IF(OR(_xlpm.v="",_xlpm.v=0),"",_xlpm.v)),IF(操作台!$B$4="接龙导入",IFERROR(INDEX(计算区!$N$5:$N$25,3),""),IF(COUNTA($L6:$P6)>0,"plain","")))} -> plain | F6: =IF($B6="","",IF(COUNTIF($Q$4:$Q5,"*排程*")>0,"",IF(COUNTIF($B$4:$B5,"<>")=0,IF(操作台!$B$4="接龙导入",IF(计算区!$E$7<>"",计算区!$E$7,操作台!$F$10),操作台!$F$10),MAX($R$4:$R5)))) -> 0.8125 | G6: {=IF(操作台!$B$4="议程模板",_xlfn.LET(_xlpm.v,IFERROR(INDEX(_xlfn._xlws.FILTER(模板库!$H$2:$H$1000,(模板库!$B$2:$B$1000=操作台!$F$4)*(模板库!$E$2:$E$1000="item")),3),""),IF(OR(_xlpm.v="",_xlpm.v=0),"",_xlpm.v)),IF(操作台!$B$4="接龙导入",IFERROR(INDEX(计算区!$I$5:$I$25,3),""),""))} -> 事务官宣布会议规则 | H6: {=IF(操作台!$B$4="议程模板",_xlfn.LET(_xlpm.v,IFERROR(INDEX(_xlfn._xlws.FILTER(模板库!$I$2:$I$1000,(模板库!$B$2:$B$1000=操作台!$F$4)*(模板库!$E$2:$E$1000="item")),3),""),IF(OR(_xlpm.v="",_xlpm.v=0),"",_xlpm.v)),IF(操作台!$B$4="接龙导入","",""))} | I6: {=IF(操作台!$B$4="议程模板",_xlfn.LET(_xlpm.v,IFERROR(INDEX(_xlfn._xlws.FILTER(模板库!$J$2:$J$1000,(模板库!$B$2:$B$1000=操作台!$F$4)*(模板库!$E$2:$E$1000="item")),3),""),IF(OR(_xlpm.v="",_xlpm.v=0),"",_xlpm.v)),IF(操作台!$B$4="接龙导入",IFERROR(INDEX(计算区!$J$5:$J$25,3),""),""))} -> 1 | J6: {=IF(操作台!$B$4="议程模板",_xlfn.LET(_xlpm.v,IFERROR(INDEX(_xlfn._xlws.FILTER(模板库!$K$2:$K$1000,(模板库!$B$2:$B$1000=操作台!$F$4)*(模板库!$E$2:$E$1000="item")),3),""),IF(OR(_xlpm.v="",_xlpm.v=0),"",_xlpm.v)),IF(操作台!$B$4="接龙导入",IFERROR(INDEX(计算区!$K$5:$K$25,3),""),""))} -> 1 | K6: {=IF(操作台!$B$4="议程模板",_xlfn.LET(_xlpm.v,IFERROR(INDEX(_xlfn._xlws.FILTER(模板库!$L$2:$L$1000,(模板库!$B$2:$B$1000=操作台!$F$4)*(模板库!$E$2:$E$1000="item")),3),""),IF(OR(_xlpm.v="",_xlpm.v=0),"",_xlpm.v)),IF(操作台!$B$4="接龙导入",IFERROR(INDEX(计算区!$M$5:$M$25,3),""),""))} | Q6: =IF($B6="","",_xlfn.LET(_xlpm.m,IF($O6<>"",$O6,$J6),_xlpm.p,IF($P6<>"",$P6,IF($K6="","待定",$K6)),_xlpm.title,IF($L6<>"",$L6,$G6),_xlfn.TEXTJOIN("；",TRUE,IF(_xlpm.title="","缺少标题",""),IF(_xlpm.m="","缺少排程分钟",IF(NOT(ISNUMBER(_xlpm.m)),"排程分钟无效","")),IF(_xlpm.p="待定","负责人待定",""),IF(AND($A6>1,$F6=""),"前序排程中断","")))) -> 负责人待定 | R6: =IF($B6="","",IF(OR($F6="",IF($O6<>"",NOT(ISNUMBER($O6)),NOT(ISNUMBER($J6)))),"",$F6+IF($O6<>"",$O6,$J6)/1440)) -> 0.81319444 | S6: =IF($B6="",0,1) -> 1
A7: 4 | B7: {=IF(操作台!$B$4="议程模板",_xlfn.LET(_xlpm.v,IFERROR(INDEX(_xlfn._xlws.FILTER(模板库!$D$2:$D$1000,(模板库!$B$2:$B$1000=操作台!$F$4)*(模板库!$E$2:$E$1000="item")),4),""),IF(OR(_xlpm.v="",_xlpm.v=0),"",_xlpm.v)),IF(操作台!$B$4="接龙导入",IFERROR(INDEX(计算区!$F$5:$F$25,4),""),IF(COUNTA($L7:$P7)>0,"manual-"&TEXT($A7,"00"),"")))} -> i-president | C7: {=IF(操作台!$B$4="议程模板",_xlfn.LET(_xlpm.v,IFERROR(INDEX(_xlfn._xlws.FILTER(模板库!$F$2:$F$1000,(模板库!$B$2:$B$1000=操作台!$F$4)*(模板库!$E$2:$E$1000="item")),4),""),IF(OR(_xlpm.v="",_xlpm.v=0),"",_xlpm.v)),IF(操作台!$B$4="接龙导入",IFERROR(INDEX(计算区!$G$5:$G$25,4),""),IF(COUNTA($L7:$P7)>0,1,"")))} -> 1 | D7: {=IF(操作台!$B$4="议程模板",_xlfn.LET(_xlpm.v,IFERROR(INDEX(_xlfn._xlws.FILTER(模板库!$G$2:$G$1000,(模板库!$B$2:$B$1000=操作台!$F$4)*(模板库!$E$2:$E$1000="item")),4),""),IF(OR(_xlpm.v="",_xlpm.v=0),"",_xlpm.v)),IF(操作台!$B$4="接龙导入",IFERROR(INDEX(计算区!$H$5:$H$25,4),""),IF(COUNTA($L7:$P7)>0,"手工议程","")))} -> 开场环节 | E7: {=IF(操作台!$B$4="议程模板",_xlfn.LET(_xlpm.v,IFERROR(INDEX(_xlfn._xlws.FILTER(模板库!$M$2:$M$1000,(模板库!$B$2:$B$1000=操作台!$F$4)*(模板库!$E$2:$E$1000="item")),4),""),IF(OR(_xlpm.v="",_xlpm.v=0),"",_xlpm.v)),IF(操作台!$B$4="接龙导入",IFERROR(INDEX(计算区!$N$5:$N$25,4),""),IF(COUNTA($L7:$P7)>0,"plain","")))} -> plain | F7: =IF($B7="","",IF(COUNTIF($Q$4:$Q6,"*排程*")>0,"",IF(COUNTIF($B$4:$B6,"<>")=0,IF(操作台!$B$4="接龙导入",IF(计算区!$E$7<>"",计算区!$E$7,操作台!$F$10),操作台!$F$10),MAX($R$4:$R6)))) -> 0.81319444 | G7: {=IF(操作台!$B$4="议程模板",_xlfn.LET(_xlpm.v,IFERROR(INDEX(_xlfn._xlws.FILTER(模板库!$H$2:$H$1000,(模板库!$B$2:$B$1000=操作台!$F$4)*(模板库!$E$2:$E$1000="item")),4),""),IF(OR(_xlpm.v="",_xlpm.v=0),"",_xlpm.v)),IF(操作台!$B$4="接龙导入",IFERROR(INDEX(计算区!$I$5:$I$25,4),""),""))} -> 主席致词 | H7: {=IF(操作台!$B$4="议程模板",_xlfn.LET(_xlpm.v,IFERROR(INDEX(_xlfn._xlws.FILTER(模板库!$I$2:$I$1000,(模板库!$B$2:$B$1000=操作台!$F$4)*(模板库!$E$2:$E$1000="item")),4),""),IF(OR(_xlpm.v="",_xlpm.v=0),"",_xlpm.v)),IF(操作台!$B$4="接龙导入","",""))} | I7: {=IF(操作台!$B$4="议程模板",_xlfn.LET(_xlpm.v,IFERROR(INDEX(_xlfn._xlws.FILTER(模板库!$J$2:$J$1000,(模板库!$B$2:$B$1000=操作台!$F$4)*(模板库!$E$2:$E$1000="item")),4),""),IF(OR(_xlpm.v="",_xlpm.v=0),"",_xlpm.v)),IF(操作台!$B$4="接龙导入",IFERROR(INDEX(计算区!$J$5:$J$25,4),""),""))} -> 3 | J7: {=IF(操作台!$B$4="议程模板",_xlfn.LET(_xlpm.v,IFERROR(INDEX(_xlfn._xlws.FILTER(模板库!$K$2:$K$1000,(模板库!$B$2:$B$1000=操作台!$F$4)*(模板库!$E$2:$E$1000="item")),4),""),IF(OR(_xlpm.v="",_xlpm.v=0),"",_xlpm.v)),IF(操作台!$B$4="接龙导入",IFERROR(INDEX(计算区!$K$5:$K$25,4),""),""))} -> 3 | K7: {=IF(操作台!$B$4="议程模板",_xlfn.LET(_xlpm.v,IFERROR(INDEX(_xlfn._xlws.FILTER(模板库!$L$2:$L$1000,(模板库!$B$2:$B$1000=操作台!$F$4)*(模板库!$E$2:$E$1000="item")),4),""),IF(OR(_xlpm.v="",_xlpm.v=0),"",_xlpm.v)),IF(操作台!$B$4="接龙导入",IFERROR(INDEX(计算区!$M$5:$M$25,4),""),""))} | Q7: =IF($B7="","",_xlfn.LET(_xlpm.m,IF($O7<>"",$O7,$J7),_xlpm.p,IF($P7<>"",$P7,IF($K7="","待定",$K7)),_xlpm.title,IF($L7<>"",$L7,$G7),_xlfn.TEXTJOIN("；",TRUE,IF(_xlpm.title="","缺少标题",""),IF(_xlpm.m="","缺少排程分钟",IF(NOT(ISNUMBER(_xlpm.m)),"排程分钟无效","")),IF(_xlpm.p="待定","负责人待定",""),IF(AND($A7>1,$F7=""),"前序排程中断","")))) -> 负责人待定 | R7: =IF($B7="","",IF(OR($F7="",IF($O7<>"",NOT(ISNUMBER($O7)),NOT(ISNUMBER($J7)))),"",$F7+IF($O7<>"",$O7,$J7)/1440)) -> 0.81527778 | S7: =IF($B7="",0,1) -> 1
A8: 5 | B8: {=IF(操作台!$B$4="议程模板",_xlfn.LET(_xlpm.v,IFERROR(INDEX(_xlfn._xlws.FILTER(模板库!$D$2:$D$1000,(模板库!$B$2:$B$1000=操作台!$F$4)*(模板库!$E$2:$E$1000="item")),5),""),IF(OR(_xlpm.v="",_xlpm.v=0),"",_xlpm.v)),IF(操作台!$B$4="接龙导入",IFERROR(INDEX(计算区!$F$5:$F$25,5),""),IF(COUNTA($L8:$P8)>0,"manual-"&TEXT($A8,"00"),"")))} -> i-host-open | C8: {=IF(操作台!$B$4="议程模板",_xlfn.LET(_xlpm.v,IFERROR(INDEX(_xlfn._xlws.FILTER(模板库!$F$2:$F$1000,(模板库!$B$2:$B$1000=操作台!$F$4)*(模板库!$E$2:$E$1000="item")),5),""),IF(OR(_xlpm.v="",_xlpm.v=0),"",_xlpm.v)),IF(操作台!$B$4="接龙导入",IFERROR(INDEX(计算区!$G$5:$G$25,5),""),IF(COUNTA($L8:$P8)>0,1,"")))} -> 1 | D8: {=IF(操作台!$B$4="议程模板",_xlfn.LET(_xlpm.v,IFERROR(INDEX(_xlfn._xlws.FILTER(模板库!$G$2:$G$1000,(模板库!$B$2:$B$1000=操作台!$F$4)*(模板库!$E$2:$E$1000="item")),5),""),IF(OR(_xlpm.v="",_xlpm.v=0),"",_xlpm.v)),IF(操作台!$B$4="接龙导入",IFERROR(INDEX(计算区!$H$5:$H$25,5),""),IF(COUNTA($L8:$P8)>0,"手工议程","")))} -> 开场环节 | E8: {=IF(操作台!$B$4="议程模板",_xlfn.LET(_xlpm.v,IFERROR(INDEX(_xlfn._xlws.FILTER(模板库!$M$2:$M$1000,(模板库!$B$2:$B$1000=操作台!$F$4)*(模板库!$E$2:$E$1000="item")),5),""),IF(OR(_xlpm.v="",_xlpm.v=0),"",_xlpm.v)),IF(操作台!$B$4="接龙导入",IFERROR(INDEX(计算区!$N$5:$N$25,5),""),IF(COUNTA($L8:$P8)>0,"plain","")))} -> plain | F8: =IF($B8="","",IF(COUNTIF($Q$4:$Q7,"*排程*")>0,"",IF(COUNTIF($B$4:$B7,"<>")=0,IF(操作台!$B$4="接龙导入",IF(计算区!$E$7<>"",计算区!$E$7,操作台!$F$10),操作台!$F$10),MAX($R$4:$R7)))) -> 0.81527778 | G8: {=IF(操作台!$B$4="议程模板",_xlfn.LET(_xlpm.v,IFERROR(INDEX(_xlfn._xlws.FILTER(模板库!$H$2:$H$1000,(模板库!$B$2:$B$1000=操作台!$F$4)*(模板库!$E$2:$E$1000="item")),5),""),IF(OR(_xlpm.v="",_xlpm.v=0),"",_xlpm.v)),IF(操作台!$B$4="接龙导入",IFERROR(INDEX(计算区!$I$5:$I$25,5),""),""))} -> 总主持开场，介绍会议流程 | H8: {=IF(操作台!$B$4="议程模板",_xlfn.LET(_xlpm.v,IFERROR(INDEX(_xlfn._xlws.FILTER(模板库!$I$2:$I$1000,(模板库!$B$2:$B$1000=操作台!$F$4)*(模板库!$E$2:$E$1000="item")),5),""),IF(OR(_xlpm.v="",_xlpm.v=0),"",_xlpm.v)),IF(操作台!$B$4="接龙导入","",""))} | I8: {=IF(操作台!$B$4="议程模板",_xlfn.LET(_xlpm.v,IFERROR(INDEX(_xlfn._xlws.FILTER(模板库!$J$2:$J$1000,(模板库!$B$2:$B$1000=操作台!$F$4)*(模板库!$E$2:$E$1000="item")),5),""),IF(OR(_xlpm.v="",_xlpm.v=0),"",_xlpm.v)),IF(操作台!$B$4="接龙导入",IFERROR(INDEX(计算区!$J$5:$J$25,5),""),""))} -> 2 | J8: {=IF(操作台!$B$4="议程模板",_xlfn.LET(_xlpm.v,IFERROR(INDEX(_xlfn._xlws.FILTER(模板库!$K$2:$K$1000,(模板库!$B$2:$B$1000=操作台!$F$4)*(模板库!$E$2:$E$1000="item")),5),""),IF(OR(_xlpm.v="",_xlpm.v=0),"",_xlpm.v)),IF(操作台!$B$4="接龙导入",IFERROR(INDEX(计算区!$K$5:$K$25,5),""),""))} -> 2 | K8: {=IF(操作台!$B$4="议程模板",_xlfn.LET(_xlpm.v,IFERROR(INDEX(_xlfn._xlws.FILTER(模板库!$L$2:$L$1000,(模板库!$B$2:$B$1000=操作台!$F$4)*(模板库!$E$2:$E$1000="item")),5),""),IF(OR(_xlpm.v="",_xlpm.v=0),"",_xlpm.v)),IF(操作台!$B$4="接龙导入",IFERROR(INDEX(计算区!$M$5:$M$25,5),""),""))} | Q8: =IF($B8="","",_xlfn.LET(_xlpm.m,IF($O8<>"",$O8,$J8),_xlpm.p,IF($P8<>"",$P8,IF($K8="","待定",$K8)),_xlpm.title,IF($L8<>"",$L8,$G8),_xlfn.TEXTJOIN("；",TRUE,IF(_xlpm.title="","缺少标题",""),IF(_xlpm.m="","缺少排程分钟",IF(NOT(ISNUMBER(_xlpm.m)),"排程分钟无效","")),IF(_xlpm.p="待定","负责人待定",""),IF(AND($A8>1,$F8=""),"前序排程中断","")))) -> 负责人待定 | R8: =IF($B8="","",IF(OR($F8="",IF($O8<>"",NOT(ISNUMBER($O8)),NOT(ISNUMBER($J8)))),"",$F8+IF($O8<>"",$O8,$J8)/1440)) -> 0.81666667 | S8: =IF($B8="",0,1) -> 1
A9: 6 | B9: {=IF(操作台!$B$4="议程模板",_xlfn.LET(_xlpm.v,IFERROR(INDEX(_xlfn._xlws.FILTER(模板库!$D$2:$D$1000,(模板库!$B$2:$B$1000=操作台!$F$4)*(模板库!$E$2:$E$1000="item")),6),""),IF(OR(_xlpm.v="",_xlpm.v=0),"",_xlpm.v)),IF(操作台!$B$4="接龙导入",IFERROR(INDEX(计算区!$F$5:$F$25,6),""),IF(COUNTA($L9:$P9)>0,"manual-"&TEXT($A9,"00"),"")))} -> i-timer-declare | C9: {=IF(操作台!$B$4="议程模板",_xlfn.LET(_xlpm.v,IFERROR(INDEX(_xlfn._xlws.FILTER(模板库!$F$2:$F$1000,(模板库!$B$2:$B$1000=操作台!$F$4)*(模板库!$E$2:$E$1000="item")),6),""),IF(OR(_xlpm.v="",_xlpm.v=0),"",_xlpm.v)),IF(操作台!$B$4="接龙导入",IFERROR(INDEX(计算区!$G$5:$G$25,6),""),IF(COUNTA($L9:$P9)>0,1,"")))} -> 1 | D9: {=IF(操作台!$B$4="议程模板",_xlfn.LET(_xlpm.v,IFERROR(INDEX(_xlfn._xlws.FILTER(模板库!$G$2:$G$1000,(模板库!$B$2:$B$1000=操作台!$F$4)*(模板库!$E$2:$E$1000="item")),6),""),IF(OR(_xlpm.v="",_xlpm.v=0),"",_xlpm.v)),IF(操作台!$B$4="接龙导入",IFERROR(INDEX(计算区!$H$5:$H$25,6),""),IF(COUNTA($L9:$P9)>0,"手工议程","")))} -> 开场环节 | E9: {=IF(操作台!$B$4="议程模板",_xlfn.LET(_xlpm.v,IFERROR(INDEX(_xlfn._xlws.FILTER(模板库!$M$2:$M$1000,(模板库!$B$2:$B$1000=操作台!$F$4)*(模板库!$E$2:$E$1000="item")),6),""),IF(OR(_xlpm.v="",_xlpm.v=0),"",_xlpm.v)),IF(操作台!$B$4="接龙导入",IFERROR(INDEX(计算区!$N$5:$N$25,6),""),IF(COUNTA($L9:$P9)>0,"plain","")))} -> plain | F9: =IF($B9="","",IF(COUNTIF($Q$4:$Q8,"*排程*")>0,"",IF(COUNTIF($B$4:$B8,"<>")=0,IF(操作台!$B$4="接龙导入",IF(计算区!$E$7<>"",计算区!$E$7,操作台!$F$10),操作台!$F$10),MAX($R$4:$R8)))) -> 0.81666667 | G9: {=IF(操作台!$B$4="议程模板",_xlfn.LET(_xlpm.v,IFERROR(INDEX(_xlfn._xlws.FILTER(模板库!$H$2:$H$1000,(模板库!$B$2:$B$1000=操作台!$F$4)*(模板库!$E$2:$E$1000="item")),6),""),IF(OR(_xlpm.v="",_xlpm.v=0),"",_xlpm.v)),IF(操作台!$B$4="接龙导入",IFERROR(INDEX(计算区!$I$5:$I$25,6),""),""))} -> 时间官宣言 | H9: {=IF(操作台!$B$4="议程模板",_xlfn.LET(_xlpm.v,IFERROR(INDEX(_xlfn._xlws.FILTER(模板库!$I$2:$I$1000,(模板库!$B$2:$B$1000=操作台!$F$4)*(模板库!$E$2:$E$1000="item")),6),""),IF(OR(_xlpm.v="",_xlpm.v=0),"",_xlpm.v)),IF(操作台!$B$4="接龙导入","",""))} | I9: {=IF(操作台!$B$4="议程模板",_xlfn.LET(_xlpm.v,IFERROR(INDEX(_xlfn._xlws.FILTER(模板库!$J$2:$J$1000,(模板库!$B$2:$B$1000=操作台!$F$4)*(模板库!$E$2:$E$1000="item")),6),""),IF(OR(_xlpm.v="",_xlpm.v=0),"",_xlpm.v)),IF(操作台!$B$4="接龙导入",IFERROR(INDEX(计算区!$J$5:$J$25,6),""),""))} -> 2 | J9: {=IF(操作台!$B$4="议程模板",_xlfn.LET(_xlpm.v,IFERROR(INDEX(_xlfn._xlws.FILTER(模板库!$K$2:$K$1000,(模板库!$B$2:$B$1000=操作台!$F$4)*(模板库!$E$2:$E$1000="item")),6),""),IF(OR(_xlpm.v="",_xlpm.v=0),"",_xlpm.v)),IF(操作台!$B$4="接龙导入",IFERROR(INDEX(计算区!$K$5:$K$25,6),""),""))} -> 2 | K9: {=IF(操作台!$B$4="议程模板",_xlfn.LET(_xlpm.v,IFERROR(INDEX(_xlfn._xlws.FILTER(模板库!$L$2:$L$1000,(模板库!$B$2:$B$1000=操作台!$F$4)*(模板库!$E$2:$E$1000="item")),6),""),IF(OR(_xlpm.v="",_xlpm.v=0),"",_xlpm.v)),IF(操作台!$B$4="接龙导入",IFERROR(INDEX(计算区!$M$5:$M$25,6),""),""))} | Q9: =IF($B9="","",_xlfn.LET(_xlpm.m,IF($O9<>"",$O9,$J9),_xlpm.p,IF($P9<>"",$P9,IF($K9="","待定",$K9)),_xlpm.title,IF($L9<>"",$L9,$G9),_xlfn.TEXTJOIN("；",TRUE,IF(_xlpm.title="","缺少标题",""),IF(_xlpm.m="","缺少排程分钟",IF(NOT(ISNUMBER(_xlpm.m)),"排程分钟无效","")),IF(_xlpm.p="待定","负责人待定",""),IF(AND($A9>1,$F9=""),"前序排程中断","")))) -> 负责人待定 | R9: =IF($B9="","",IF(OR($F9="",IF($O9<>"",NOT(ISNUMBER($O9)),NOT(ISNUMBER($J9)))),"",$F9+IF($O9<>"",$O9,$J9)/1440)) -> 0.81805556 | S9: =IF($B9="",0,1) -> 1
A10: 7 | B10: {=IF(操作台!$B$4="议程模板",_xlfn.LET(_xlpm.v,IFERROR(INDEX(_xlfn._xlws.FILTER(模板库!$D$2:$D$1000,(模板库!$B$2:$B$1000=操作台!$F$4)*(模板库!$E$2:$E$1000="item")),7),""),IF(OR(_xlpm.v="",_xlpm.v=0),"",_xlpm.v)),IF(操作台!$B$4="接龙导入",IFERROR(INDEX(计算区!$F$5:$F$25,7),""),IF(COUNTA($L10:$P10)>0,"manual-"&TEXT($A10,"00"),"")))} -> i-ah-declare | C10: {=IF(操作台!$B$4="议程模板",_xlfn.LET(_xlpm.v,IFERROR(INDEX(_xlfn._xlws.FILTER(模板库!$F$2:$F$1000,(模板库!$B$2:$B$1000=操作台!$F$4)*(模板库!$E$2:$E$1000="item")),7),""),IF(OR(_xlpm.v="",_xlpm.v=0),"",_xlpm.v)),IF(操作台!$B$4="接龙导入",IFERROR(INDEX(计算区!$G$5:$G$25,7),""),IF(COUNTA($L10:$P10)>0,1,"")))} -> 1 | D10: {=IF(操作台!$B$4="议程模板",_xlfn.LET(_xlpm.v,IFERROR(INDEX(_xlfn._xlws.FILTER(模板库!$G$2:$G$1000,(模板库!$B$2:$B$1000=操作台!$F$4)*(模板库!$E$2:$E$1000="item")),7),""),IF(OR(_xlpm.v="",_xlpm.v=0),"",_xlpm.v)),IF(操作台!$B$4="接龙导入",IFERROR(INDEX(计算区!$H$5:$H$25,7),""),IF(COUNTA($L10:$P10)>0,"手工议程","")))} -> 开场环节 | E10: {=IF(操作台!$B$4="议程模板",_xlfn.LET(_xlpm.v,IFERROR(INDEX(_xlfn._xlws.FILTER(模板库!$M$2:$M$1000,(模板库!$B$2:$B$1000=操作台!$F$4)*(模板库!$E$2:$E$1000="item")),7),""),IF(OR(_xlpm.v="",_xlpm.v=0),"",_xlpm.v)),IF(操作台!$B$4="接龙导入",IFERROR(INDEX(计算区!$N$5:$N$25,7),""),IF(COUNTA($L10:$P10)>0,"plain","")))} -> plain | F10: =IF($B10="","",IF(COUNTIF($Q$4:$Q9,"*排程*")>0,"",IF(COUNTIF($B$4:$B9,"<>")=0,IF(操作台!$B$4="接龙导入",IF(计算区!$E$7<>"",计算区!$E$7,操作台!$F$10),操作台!$F$10),MAX($R$4:$R9)))) -> 0.81805556 | G10: {=IF(操作台!$B$4="议程模板",_xlfn.LET(_xlpm.v,IFERROR(INDEX(_xlfn._xlws.FILTER(模板库!$H$2:$H$1000,(模板库!$B$2:$B$1000=操作台!$F$4)*(模板库!$E$2:$E$1000="item")),7),""),IF(OR(_xlpm.v="",_xlpm.v=0),"",_xlpm.v)),IF(操作台!$B$4="接龙导入",IFERROR(INDEX(计算区!$I$5:$I$25,7),""),""))} -> 哼哈官宣言 | H10: {=IF(操作台!$B$4="议程模板",_xlfn.LET(_xlpm.v,IFERROR(INDEX(_xlfn._xlws.FILTER(模板库!$I$2:$I$1000,(模板库!$B$2:$B$1000=操作台!$F$4)*(模板库!$E$2:$E$1000="item")),7),""),IF(OR(_xlpm.v="",_xlpm.v=0),"",_xlpm.v)),IF(操作台!$B$4="接龙导入","",""))} | I10: {=IF(操作台!$B$4="议程模板",_xlfn.LET(_xlpm.v,IFERROR(INDEX(_xlfn._xlws.FILTER(模板库!$J$2:$J$1000,(模板库!$B$2:$B$1000=操作台!$F$4)*(模板库!$E$2:$E$1000="item")),7),""),IF(OR(_xlpm.v="",_xlpm.v=0),"",_xlpm.v)),IF(操作台!$B$4="接龙导入",IFERROR(INDEX(计算区!$J$5:$J$25,7),""),""))} -> 2 | J10: {=IF(操作台!$B$4="议程模板",_xlfn.LET(_xlpm.v,IFERROR(INDEX(_xlfn._xlws.FILTER(模板库!$K$2:$K$1000,(模板库!$B$2:$B$1000=操作台!$F$4)*(模板库!$E$2:$E$1000="item")),7),""),IF(OR(_xlpm.v="",_xlpm.v=0),"",_xlpm.v)),IF(操作台!$B$4="接龙导入",IFERROR(INDEX(计算区!$K$5:$K$25,7),""),""))} -> 2 | K10: {=IF(操作台!$B$4="议程模板",_xlfn.LET(_xlpm.v,IFERROR(INDEX(_xlfn._xlws.FILTER(模板库!$L$2:$L$1000,(模板库!$B$2:$B$1000=操作台!$F$4)*(模板库!$E$2:$E$1000="item")),7),""),IF(OR(_xlpm.v="",_xlpm.v=0),"",_xlpm.v)),IF(操作台!$B$4="接龙导入",IFERROR(INDEX(计算区!$M$5:$M$25,7),""),""))} | Q10: =IF($B10="","",_xlfn.LET(_xlpm.m,IF($O10<>"",$O10,$J10),_xlpm.p,IF($P10<>"",$P10,IF($K10="","待定",$K10)),_xlpm.title,IF($L10<>"",$L10,$G10),_xlfn.TEXTJOIN("；",TRUE,IF(_xlpm.title="","缺少标题",""),IF(_xlpm.m="","缺少排程分钟",IF(NOT(ISNUMBER(_xlpm.m)),"排程分钟无效","")),IF(_xlpm.p="待定","负责人待定",""),IF(AND($A10>1,$F10=""),"前序排程中断","")))) -> 负责人待定 | R10: =IF($B10="","",IF(OR($F10="",IF($O10<>"",NOT(ISNUMBER($O10)),NOT(ISNUMBER($J10)))),"",$F10+IF($O10<>"",$O10,$J10)/1440)) -> 0.81944444 | S10: =IF($B10="",0,1) -> 1
A11: 8 | B11: {=IF(操作台!$B$4="议程模板",_xlfn.LET(_xlpm.v,IFERROR(INDEX(_xlfn._xlws.FILTER(模板库!$D$2:$D$1000,(模板库!$B$2:$B$1000=操作台!$F$4)*(模板库!$E$2:$E$1000="item")),8),""),IF(OR(_xlpm.v="",_xlpm.v=0),"",_xlpm.v)),IF(操作台!$B$4="接龙导入",IFERROR(INDEX(计算区!$F$5:$F$25,8),""),IF(COUNTA($L11:$P11)>0,"manual-"&TEXT($A11,"00"),"")))} -> i-grammar-declare | C11: {=IF(操作台!$B$4="议程模板",_xlfn.LET(_xlpm.v,IFERROR(INDEX(_xlfn._xlws.FILTER(模板库!$F$2:$F$1000,(模板库!$B$2:$B$1000=操作台!$F$4)*(模板库!$E$2:$E$1000="item")),8),""),IF(OR(_xlpm.v="",_xlpm.v=0),"",_xlpm.v)),IF(操作台!$B$4="接龙导入",IFERROR(INDEX(计算区!$G$5:$G$25,8),""),IF(COUNTA($L11:$P11)>0,1,"")))} -> 1 | D11: {=IF(操作台!$B$4="议程模板",_xlfn.LET(_xlpm.v,IFERROR(INDEX(_xlfn._xlws.FILTER(模板库!$G$2:$G$1000,(模板库!$B$2:$B$1000=操作台!$F$4)*(模板库!$E$2:$E$1000="item")),8),""),IF(OR(_xlpm.v="",_xlpm.v=0),"",_xlpm.v)),IF(操作台!$B$4="接龙导入",IFERROR(INDEX(计算区!$H$5:$H$25,8),""),IF(COUNTA($L11:$P11)>0,"手工议程","")))} -> 开场环节 | E11: {=IF(操作台!$B$4="议程模板",_xlfn.LET(_xlpm.v,IFERROR(INDEX(_xlfn._xlws.FILTER(模板库!$M$2:$M$1000,(模板库!$B$2:$B$1000=操作台!$F$4)*(模板库!$E$2:$E$1000="item")),8),""),IF(OR(_xlpm.v="",_xlpm.v=0),"",_xlpm.v)),IF(操作台!$B$4="接龙导入",IFERROR(INDEX(计算区!$N$5:$N$25,8),""),IF(COUNTA($L11:$P11)>0,"plain","")))} -> plain | F11: =IF($B11="","",IF(COUNTIF($Q$4:$Q10,"*排程*")>0,"",IF(COUNTIF($B$4:$B10,"<>")=0,IF(操作台!$B$4="接龙导入",IF(计算区!$E$7<>"",计算区!$E$7,操作台!$F$10),操作台!$F$10),MAX($R$4:$R10)))) -> 0.81944444 | G11: {=IF(操作台!$B$4="议程模板",_xlfn.LET(_xlpm.v,IFERROR(INDEX(_xlfn._xlws.FILTER(模板库!$H$2:$H$1000,(模板库!$B$2:$B$1000=操作台!$F$4)*(模板库!$E$2:$E$1000="item")),8),""),IF(OR(_xlpm.v="",_xlpm.v=0),"",_xlpm.v)),IF(操作台!$B$4="接龙导入",IFERROR(INDEX(计算区!$I$5:$I$25,8),""),""))} -> 语法官宣言 | H11: {=IF(操作台!$B$4="议程模板",_xlfn.LET(_xlpm.v,IFERROR(INDEX(_xlfn._xlws.FILTER(模板库!$I$2:$I$1000,(模板库!$B$2:$B$1000=操作台!$F$4)*(模板库!$E$2:$E$1000="item")),8),""),IF(OR(_xlpm.v="",_xlpm.v=0),"",_xlpm.v)),IF(操作台!$B$4="接龙导入","",""))} | I11: {=IF(操作台!$B$4="议程模板",_xlfn.LET(_xlpm.v,IFERROR(INDEX(_xlfn._xlws.FILTER(模板库!$J$2:$J$1000,(模板库!$B$2:$B$1000=操作台!$F$4)*(模板库!$E$2:$E$1000="item")),8),""),IF(OR(_xlpm.v="",_xlpm.v=0),"",_xlpm.v)),IF(操作台!$B$4="接龙导入",IFERROR(INDEX(计算区!$J$5:$J$25,8),""),""))} -> 2 | J11: {=IF(操作台!$B$4="议程模板",_xlfn.LET(_xlpm.v,IFERROR(INDEX(_xlfn._xlws.FILTER(模板库!$K$2:$K$1000,(模板库!$B$2:$B$1000=操作台!$F$4)*(模板库!$E$2:$E$1000="item")),8),""),IF(OR(_xlpm.v="",_xlpm.v=0),"",_xlpm.v)),IF(操作台!$B$4="接龙导入",IFERROR(INDEX(计算区!$K$5:$K$25,8),""),""))} -> 2 | K11: {=IF(操作台!$B$4="议程模板",_xlfn.LET(_xlpm.v,IFERROR(INDEX(_xlfn._xlws.FILTER(模板库!$L$2:$L$1000,(模板库!$B$2:$B$1000=操作台!$F$4)*(模板库!$E$2:$E$1000="item")),8),""),IF(OR(_xlpm.v="",_xlpm.v=0),"",_xlpm.v)),IF(操作台!$B$4="接龙导入",IFERROR(INDEX(计算区!$M$5:$M$25,8),""),""))} | Q11: =IF($B11="","",_xlfn.LET(_xlpm.m,IF($O11<>"",$O11,$J11),_xlpm.p,IF($P11<>"",$P11,IF($K11="","待定",$K11)),_xlpm.title,IF($L11<>"",$L11,$G11),_xlfn.TEXTJOIN("；",TRUE,IF(_xlpm.title="","缺少标题",""),IF(_xlpm.m="","缺少排程分钟",IF(NOT(ISNUMBER(_xlpm.m)),"排程分钟无效","")),IF(_xlpm.p="待定","负责人待定",""),IF(AND($A11>1,$F11=""),"前序排程中断","")))) -> 负责人待定 | R11: =IF($B11="","",IF(OR($F11="",IF($O11<>"",NOT(ISNUMBER($O11)),NOT(ISNUMBER($J11)))),"",$F11+IF($O11<>"",$O11,$J11)/1440)) -> 0.82083333 | S11: =IF($B11="",0,1) -> 1
A12: 9 | B12: {=IF(操作台!$B$4="议程模板",_xlfn.LET(_xlpm.v,IFERROR(INDEX(_xlfn._xlws.FILTER(模板库!$D$2:$D$1000,(模板库!$B$2:$B$1000=操作台!$F$4)*(模板库!$E$2:$E$1000="item")),9),""),IF(OR(_xlpm.v="",_xlpm.v=0),"",_xlpm.v)),IF(操作台!$B$4="接龙导入",IFERROR(INDEX(计算区!$F$5:$F$25,9),""),IF(COUNTA($L12:$P12)>0,"manual-"&TEXT($A12,"00"),"")))} -> i-impromptu-rule | C12: {=IF(操作台!$B$4="议程模板",_xlfn.LET(_xlpm.v,IFERROR(INDEX(_xlfn._xlws.FILTER(模板库!$F$2:$F$1000,(模板库!$B$2:$B$1000=操作台!$F$4)*(模板库!$E$2:$E$1000="item")),9),""),IF(OR(_xlpm.v="",_xlpm.v=0),"",_xlpm.v)),IF(操作台!$B$4="接龙导入",IFERROR(INDEX(计算区!$G$5:$G$25,9),""),IF(COUNTA($L12:$P12)>0,1,"")))} -> 2 | D12: {=IF(操作台!$B$4="议程模板",_xlfn.LET(_xlpm.v,IFERROR(INDEX(_xlfn._xlws.FILTER(模板库!$G$2:$G$1000,(模板库!$B$2:$B$1000=操作台!$F$4)*(模板库!$E$2:$E$1000="item")),9),""),IF(OR(_xlpm.v="",_xlpm.v=0),"",_xlpm.v)),IF(操作台!$B$4="接龙导入",IFERROR(INDEX(计算区!$H$5:$H$25,9),""),IF(COUNTA($L12:$P12)>0,"手工议程","")))} -> 即兴演讲 | E12: {=IF(操作台!$B$4="议程模板",_xlfn.LET(_xlpm.v,IFERROR(INDEX(_xlfn._xlws.FILTER(模板库!$M$2:$M$1000,(模板库!$B$2:$B$1000=操作台!$F$4)*(模板库!$E$2:$E$1000="item")),9),""),IF(OR(_xlpm.v="",_xlpm.v=0),"",_xlpm.v)),IF(操作台!$B$4="接龙导入",IFERROR(INDEX(计算区!$N$5:$N$25,9),""),IF(COUNTA($L12:$P12)>0,"plain","")))} -> impromptu | F12: =IF($B12="","",IF(COUNTIF($Q$4:$Q11,"*排程*")>0,"",IF(COUNTIF($B$4:$B11,"<>")=0,IF(操作台!$B$4="接龙导入",IF(计算区!$E$7<>"",计算区!$E$7,操作台!$F$10),操作台!$F$10),MAX($R$4:$R11)))) -> 0.82083333 | G12: {=IF(操作台!$B$4="议程模板",_xlfn.LET(_xlpm.v,IFERROR(INDEX(_xlfn._xlws.FILTER(模板库!$H$2:$H$1000,(模板库!$B$2:$B$1000=操作台!$F$4)*(模板库!$E$2:$E$1000="item")),9),""),IF(OR(_xlpm.v="",_xlpm.v=0),"",_xlpm.v)),IF(操作台!$B$4="接龙导入",IFERROR(INDEX(计算区!$I$5:$I$25,9),""),""))} -> 即兴主持介绍规则 | H12: {=IF(操作台!$B$4="议程模板",_xlfn.LET(_xlpm.v,IFERROR(INDEX(_xlfn._xlws.FILTER(模板库!$I$2:$I$1000,(模板库!$B$2:$B$1000=操作台!$F$4)*(模板库!$E$2:$E$1000="item")),9),""),IF(OR(_xlpm.v="",_xlpm.v=0),"",_xlpm.v)),IF(操作台!$B$4="接龙导入","",""))} | I12: {=IF(操作台!$B$4="议程模板",_xlfn.LET(_xlpm.v,IFERROR(INDEX(_xlfn._xlws.FILTER(模板库!$J$2:$J$1000,(模板库!$B$2:$B$1000=操作台!$F$4)*(模板库!$E$2:$E$1000="item")),9),""),IF(OR(_xlpm.v="",_xlpm.v=0),"",_xlpm.v)),IF(操作台!$B$4="接龙导入",IFERROR(INDEX(计算区!$J$5:$J$25,9),""),""))} -> 2 | J12: {=IF(操作台!$B$4="议程模板",_xlfn.LET(_xlpm.v,IFERROR(INDEX(_xlfn._xlws.FILTER(模板库!$K$2:$K$1000,(模板库!$B$2:$B$1000=操作台!$F$4)*(模板库!$E$2:$E$1000="item")),9),""),IF(OR(_xlpm.v="",_xlpm.v=0),"",_xlpm.v)),IF(操作台!$B$4="接龙导入",IFERROR(INDEX(计算区!$K$5:$K$25,9),""),""))} -> 2 | K12: {=IF(操作台!$B$4="议程模板",_xlfn.LET(_xlpm.v,IFERROR(INDEX(_xlfn._xlws.FILTER(模板库!$L$2:$L$1000,(模板库!$B$2:$B$1000=操作台!$F$4)*(模板库!$E$2:$E$1000="item")),9),""),IF(OR(_xlpm.v="",_xlpm.v=0),"",_xlpm.v)),IF(操作台!$B$4="接龙导入",IFERROR(INDEX(计算区!$M$5:$M$25,9),""),""))} | Q12: =IF($B12="","",_xlfn.LET(_xlpm.m,IF($O12<>"",$O12,$J12),_xlpm.p,IF($P12<>"",$P12,IF($K12="","待定",$K12)),_xlpm.title,IF($L12<>"",$L12,$G12),_xlfn.TEXTJOIN("；",TRUE,IF(_xlpm.title="","缺少标题",""),IF(_xlpm.m="","缺少排程分钟",IF(NOT(ISNUMBER(_xlpm.m)),"排程分钟无效","")),IF(_xlpm.p="待定","负责人待定",""),IF(AND($A12>1,$F12=""),"前序排程中断","")))) -> 负责人待定 | R12: =IF($B12="","",IF(OR($F12="",IF($O12<>"",NOT(ISNUMBER($O12)),NOT(ISNUMBER($J12)))),"",$F12+IF($O12<>"",$O12,$J12)/1440)) -> 0.82222222 | S12: =IF($B12="",0,1) -> 1
A13: 10 | B13: {=IF(操作台!$B$4="议程模板",_xlfn.LET(_xlpm.v,IFERROR(INDEX(_xlfn._xlws.FILTER(模板库!$D$2:$D$1000,(模板库!$B$2:$B$1000=操作台!$F$4)*(模板库!$E$2:$E$1000="item")),10),""),IF(OR(_xlpm.v="",_xlpm.v=0),"",_xlpm.v)),IF(操作台!$B$4="接龙导入",IFERROR(INDEX(计算区!$F$5:$F$25,10),""),IF(COUNTA($L13:$P13)>0,"manual-"&TEXT($A13,"00"),"")))} -> i-impromptu | C13: {=IF(操作台!$B$4="议程模板",_xlfn.LET(_xlpm.v,IFERROR(INDEX(_xlfn._xlws.FILTER(模板库!$F$2:$F$1000,(模板库!$B$2:$B$1000=操作台!$F$4)*(模板库!$E$2:$E$1000="item")),10),""),IF(OR(_xlpm.v="",_xlpm.v=0),"",_xlpm.v)),IF(操作台!$B$4="接龙导入",IFERROR(INDEX(计算区!$G$5:$G$25,10),""),IF(COUNTA($L13:$P13)>0,1,"")))} -> 2 | D13: {=IF(操作台!$B$4="议程模板",_xlfn.LET(_xlpm.v,IFERROR(INDEX(_xlfn._xlws.FILTER(模板库!$G$2:$G$1000,(模板库!$B$2:$B$1000=操作台!$F$4)*(模板库!$E$2:$E$1000="item")),10),""),IF(OR(_xlpm.v="",_xlpm.v=0),"",_xlpm.v)),IF(操作台!$B$4="接龙导入",IFERROR(INDEX(计算区!$H$5:$H$25,10),""),IF(COUNTA($L13:$P13)>0,"手工议程","")))} -> 即兴演讲 | E13: {=IF(操作台!$B$4="议程模板",_xlfn.LET(_xlpm.v,IFERROR(INDEX(_xlfn._xlws.FILTER(模板库!$M$2:$M$1000,(模板库!$B$2:$B$1000=操作台!$F$4)*(模板库!$E$2:$E$1000="item")),10),""),IF(OR(_xlpm.v="",_xlpm.v=0),"",_xlpm.v)),IF(操作台!$B$4="接龙导入",IFERROR(INDEX(计算区!$N$5:$N$25,10),""),IF(COUNTA($L13:$P13)>0,"plain","")))} -> impromptu | F13: =IF($B13="","",IF(COUNTIF($Q$4:$Q12,"*排程*")>0,"",IF(COUNTIF($B$4:$B12,"<>")=0,IF(操作台!$B$4="接龙导入",IF(计算区!$E$7<>"",计算区!$E$7,操作台!$F$10),操作台!$F$10),MAX($R$4:$R12)))) -> 0.82222222 | G13: {=IF(操作台!$B$4="议程模板",_xlfn.LET(_xlpm.v,IFERROR(INDEX(_xlfn._xlws.FILTER(模板库!$H$2:$H$1000,(模板库!$B$2:$B$1000=操作台!$F$4)*(模板库!$E$2:$E$1000="item")),10),""),IF(OR(_xlpm.v="",_xlpm.v=0),"",_xlpm.v)),IF(操作台!$B$4="接龙导入",IFERROR(INDEX(计算区!$I$5:$I$25,10),""),""))} -> 即兴演讲 | H13: {=IF(操作台!$B$4="议程模板",_xlfn.LET(_xlpm.v,IFERROR(INDEX(_xlfn._xlws.FILTER(模板库!$I$2:$I$1000,(模板库!$B$2:$B$1000=操作台!$F$4)*(模板库!$E$2:$E$1000="item")),10),""),IF(OR(_xlpm.v="",_xlpm.v=0),"",_xlpm.v)),IF(操作台!$B$4="接龙导入","",""))} | I13: {=IF(操作台!$B$4="议程模板",_xlfn.LET(_xlpm.v,IFERROR(INDEX(_xlfn._xlws.FILTER(模板库!$J$2:$J$1000,(模板库!$B$2:$B$1000=操作台!$F$4)*(模板库!$E$2:$E$1000="item")),10),""),IF(OR(_xlpm.v="",_xlpm.v=0),"",_xlpm.v)),IF(操作台!$B$4="接龙导入",IFERROR(INDEX(计算区!$J$5:$J$25,10),""),""))} -> 16 | J13: {=IF(操作台!$B$4="议程模板",_xlfn.LET(_xlpm.v,IFERROR(INDEX(_xlfn._xlws.FILTER(模板库!$K$2:$K$1000,(模板库!$B$2:$B$1000=操作台!$F$4)*(模板库!$E$2:$E$1000="item")),10),""),IF(OR(_xlpm.v="",_xlpm.v=0),"",_xlpm.v)),IF(操作台!$B$4="接龙导入",IFERROR(INDEX(计算区!$K$5:$K$25,10),""),""))} -> 16 | K13: {=IF(操作台!$B$4="议程模板",_xlfn.LET(_xlpm.v,IFERROR(INDEX(_xlfn._xlws.FILTER(模板库!$L$2:$L$1000,(模板库!$B$2:$B$1000=操作台!$F$4)*(模板库!$E$2:$E$1000="item")),10),""),IF(OR(_xlpm.v="",_xlpm.v=0),"",_xlpm.v)),IF(操作台!$B$4="接龙导入",IFERROR(INDEX(计算区!$M$5:$M$25,10),""),""))} -> 全员 | Q13: =IF($B13="","",_xlfn.LET(_xlpm.m,IF($O13<>"",$O13,$J13),_xlpm.p,IF($P13<>"",$P13,IF($K13="","待定",$K13)),_xlpm.title,IF($L13<>"",$L13,$G13),_xlfn.TEXTJOIN("；",TRUE,IF(_xlpm.title="","缺少标题",""),IF(_xlpm.m="","缺少排程分钟",IF(NOT(ISNUMBER(_xlpm.m)),"排程分钟无效","")),IF(_xlpm.p="待定","负责人待定",""),IF(AND($A13>1,$F13=""),"前序排程中断","")))) | R13: =IF($B13="","",IF(OR($F13="",IF($O13<>"",NOT(ISNUMBER($O13)),NOT(ISNUMBER($J13)))),"",$F13+IF($O13<>"",$O13,$J13)/1440)) -> 0.83333333 | S13: =IF($B13="",0,1) -> 1
A14: 11 | B14: {=IF(操作台!$B$4="议程模板",_xlfn.LET(_xlpm.v,IFERROR(INDEX(_xlfn._xlws.FILTER(模板库!$D$2:$D$1000,(模板库!$B$2:$B$1000=操作台!$F$4)*(模板库!$E$2:$E$1000="item")),11),""),IF(OR(_xlpm.v="",_xlpm.v=0),"",_xlpm.v)),IF(操作台!$B$4="接龙导入",IFERROR(INDEX(计算区!$F$5:$F$25,11),""),IF(COUNTA($L14:$P14)>0,"manual-"&TEXT($A14,"00"),"")))} -> i-prepared-intro | C14: {=IF(操作台!$B$4="议程模板",_xlfn.LET(_xlpm.v,IFERROR(INDEX(_xlfn._xlws.FILTER(模板库!$F$2:$F$1000,(模板库!$B$2:$B$1000=操作台!$F$4)*(模板库!$E$2:$E$1000="item")),11),""),IF(OR(_xlpm.v="",_xlpm.v=0),"",_xlpm.v)),IF(操作台!$B$4="接龙导入",IFERROR(INDEX(计算区!$G$5:$G$25,11),""),IF(COUNTA($L14:$P14)>0,1,"")))} -> 3 | D14: {=IF(操作台!$B$4="议程模板",_xlfn.LET(_xlpm.v,IFERROR(INDEX(_xlfn._xlws.FILTER(模板库!$G$2:$G$1000,(模板库!$B$2:$B$1000=操作台!$F$4)*(模板库!$E$2:$E$1000="item")),11),""),IF(OR(_xlpm.v="",_xlpm.v=0),"",_xlpm.v)),IF(操作台!$B$4="接龙导入",IFERROR(INDEX(计算区!$H$5:$H$25,11),""),IF(COUNTA($L14:$P14)>0,"手工议程","")))} -> 精心演讲环节 | E14: {=IF(操作台!$B$4="议程模板",_xlfn.LET(_xlpm.v,IFERROR(INDEX(_xlfn._xlws.FILTER(模板库!$M$2:$M$1000,(模板库!$B$2:$B$1000=操作台!$F$4)*(模板库!$E$2:$E$1000="item")),11),""),IF(OR(_xlpm.v="",_xlpm.v=0),"",_xlpm.v)),IF(操作台!$B$4="接龙导入",IFERROR(INDEX(计算区!$N$5:$N$25,11),""),IF(COUNTA($L14:$P14)>0,"plain","")))} -> plain | F14: =IF($B14="","",IF(COUNTIF($Q$4:$Q13,"*排程*")>0,"",IF(COUNTIF($B$4:$B13,"<>")=0,IF(操作台!$B$4="接龙导入",IF(计算区!$E$7<>"",计算区!$E$7,操作台!$F$10),操作台!$F$10),MAX($R$4:$R13)))) -> 0.83333333 | G14: {=IF(操作台!$B$4="议程模板",_xlfn.LET(_xlpm.v,IFERROR(INDEX(_xlfn._xlws.FILTER(模板库!$H$2:$H$1000,(模板库!$B$2:$B$1000=操作台!$F$4)*(模板库!$E$2:$E$1000="item")),11),""),IF(OR(_xlpm.v="",_xlpm.v=0),"",_xlpm.v)),IF(操作台!$B$4="接龙导入",IFERROR(INDEX(计算区!$I$5:$I$25,11),""),""))} -> 总主持人介绍本环节+串场 | H14: {=IF(操作台!$B$4="议程模板",_xlfn.LET(_xlpm.v,IFERROR(INDEX(_xlfn._xlws.FILTER(模板库!$I$2:$I$1000,(模板库!$B$2:$B$1000=操作台!$F$4)*(模板库!$E$2:$E$1000="item")),11),""),IF(OR(_xlpm.v="",_xlpm.v=0),"",_xlpm.v)),IF(操作台!$B$4="接龙导入","",""))} | I14: {=IF(操作台!$B$4="议程模板",_xlfn.LET(_xlpm.v,IFERROR(INDEX(_xlfn._xlws.FILTER(模板库!$J$2:$J$1000,(模板库!$B$2:$B$1000=操作台!$F$4)*(模板库!$E$2:$E$1000="item")),11),""),IF(OR(_xlpm.v="",_xlpm.v=0),"",_xlpm.v)),IF(操作台!$B$4="接龙导入",IFERROR(INDEX(计算区!$J$5:$J$25,11),""),""))} -> 2 | J14: {=IF(操作台!$B$4="议程模板",_xlfn.LET(_xlpm.v,IFERROR(INDEX(_xlfn._xlws.FILTER(模板库!$K$2:$K$1000,(模板库!$B$2:$B$1000=操作台!$F$4)*(模板库!$E$2:$E$1000="item")),11),""),IF(OR(_xlpm.v="",_xlpm.v=0),"",_xlpm.v)),IF(操作台!$B$4="接龙导入",IFERROR(INDEX(计算区!$K$5:$K$25,11),""),""))} -> 2 | K14: {=IF(操作台!$B$4="议程模板",_xlfn.LET(_xlpm.v,IFERROR(INDEX(_xlfn._xlws.FILTER(模板库!$L$2:$L$1000,(模板库!$B$2:$B$1000=操作台!$F$4)*(模板库!$E$2:$E$1000="item")),11),""),IF(OR(_xlpm.v="",_xlpm.v=0),"",_xlpm.v)),IF(操作台!$B$4="接龙导入",IFERROR(INDEX(计算区!$M$5:$M$25,11),""),""))} | Q14: =IF($B14="","",_xlfn.LET(_xlpm.m,IF($O14<>"",$O14,$J14),_xlpm.p,IF($P14<>"",$P14,IF($K14="","待定",$K14)),_xlpm.title,IF($L14<>"",$L14,$G14),_xlfn.TEXTJOIN("；",TRUE,IF(_xlpm.title="","缺少标题",""),IF(_xlpm.m="","缺少排程分钟",IF(NOT(ISNUMBER(_xlpm.m)),"排程分钟无效","")),IF(_xlpm.p="待定","负责人待定",""),IF(AND($A14>1,$F14=""),"前序排程中断","")))) -> 负责人待定 | R14: =IF($B14="","",IF(OR($F14="",IF($O14<>"",NOT(ISNUMBER($O14)),NOT(ISNUMBER($J14)))),"",$F14+IF($O14<>"",$O14,$J14)/1440)) -> 0.83472222 | S14: =IF($B14="",0,1) -> 1
A15: 12 | B15: {=IF(操作台!$B$4="议程模板",_xlfn.LET(_xlpm.v,IFERROR(INDEX(_xlfn._xlws.FILTER(模板库!$D$2:$D$1000,(模板库!$B$2:$B$1000=操作台!$F$4)*(模板库!$E$2:$E$1000="item")),12),""),IF(OR(_xlpm.v="",_xlpm.v=0),"",_xlpm.v)),IF(操作台!$B$4="接龙导入",IFERROR(INDEX(计算区!$F$5:$F$25,12),""),IF(COUNTA($L15:$P15)>0,"manual-"&TEXT($A15,"00"),"")))} -> i-speech-1 | C15: {=IF(操作台!$B$4="议程模板",_xlfn.LET(_xlpm.v,IFERROR(INDEX(_xlfn._xlws.FILTER(模板库!$F$2:$F$1000,(模板库!$B$2:$B$1000=操作台!$F$4)*(模板库!$E$2:$E$1000="item")),12),""),IF(OR(_xlpm.v="",_xlpm.v=0),"",_xlpm.v)),IF(操作台!$B$4="接龙导入",IFERROR(INDEX(计算区!$G$5:$G$25,12),""),IF(COUNTA($L15:$P15)>0,1,"")))} -> 3 | D15: {=IF(操作台!$B$4="议程模板",_xlfn.LET(_xlpm.v,IFERROR(INDEX(_xlfn._xlws.FILTER(模板库!$G$2:$G$1000,(模板库!$B$2:$B$1000=操作台!$F$4)*(模板库!$E$2:$E$1000="item")),12),""),IF(OR(_xlpm.v="",_xlpm.v=0),"",_xlpm.v)),IF(操作台!$B$4="接龙导入",IFERROR(INDEX(计算区!$H$5:$H$25,12),""),IF(COUNTA($L15:$P15)>0,"手工议程","")))} -> 精心演讲环节 | E15: {=IF(操作台!$B$4="议程模板",_xlfn.LET(_xlpm.v,IFERROR(INDEX(_xlfn._xlws.FILTER(模板库!$M$2:$M$1000,(模板库!$B$2:$B$1000=操作台!$F$4)*(模板库!$E$2:$E$1000="item")),12),""),IF(OR(_xlpm.v="",_xlpm.v=0),"",_xlpm.v)),IF(操作台!$B$4="接龙导入",IFERROR(INDEX(计算区!$N$5:$N$25,12),""),IF(COUNTA($L15:$P15)>0,"plain","")))} -> prepared | F15: =IF($B15="","",IF(COUNTIF($Q$4:$Q14,"*排程*")>0,"",IF(COUNTIF($B$4:$B14,"<>")=0,IF(操作台!$B$4="接龙导入",IF(计算区!$E$7<>"",计算区!$E$7,操作台!$F$10),操作台!$F$10),MAX($R$4:$R14)))) -> 0.83472222 | G15: {=IF(操作台!$B$4="议程模板",_xlfn.LET(_xlpm.v,IFERROR(INDEX(_xlfn._xlws.FILTER(模板库!$H$2:$H$1000,(模板库!$B$2:$B$1000=操作台!$F$4)*(模板库!$E$2:$E$1000="item")),12),""),IF(OR(_xlpm.v="",_xlpm.v=0),"",_xlpm.v)),IF(操作台!$B$4="接龙导入",IFERROR(INDEX(计算区!$I$5:$I$25,12),""),""))} -> 备稿演讲1 | H15: {=IF(操作台!$B$4="议程模板",_xlfn.LET(_xlpm.v,IFERROR(INDEX(_xlfn._xlws.FILTER(模板库!$I$2:$I$1000,(模板库!$B$2:$B$1000=操作台!$F$4)*(模板库!$E$2:$E$1000="item")),12),""),IF(OR(_xlpm.v="",_xlpm.v=0),"",_xlpm.v)),IF(操作台!$B$4="接龙导入","",""))} | I15: {=IF(操作台!$B$4="议程模板",_xlfn.LET(_xlpm.v,IFERROR(INDEX(_xlfn._xlws.FILTER(模板库!$J$2:$J$1000,(模板库!$B$2:$B$1000=操作台!$F$4)*(模板库!$E$2:$E$1000="item")),12),""),IF(OR(_xlpm.v="",_xlpm.v=0),"",_xlpm.v)),IF(操作台!$B$4="接龙导入",IFERROR(INDEX(计算区!$J$5:$J$25,12),""),""))} -> 5 | J15: {=IF(操作台!$B$4="议程模板",_xlfn.LET(_xlpm.v,IFERROR(INDEX(_xlfn._xlws.FILTER(模板库!$K$2:$K$1000,(模板库!$B$2:$B$1000=操作台!$F$4)*(模板库!$E$2:$E$1000="item")),12),""),IF(OR(_xlpm.v="",_xlpm.v=0),"",_xlpm.v)),IF(操作台!$B$4="接龙导入",IFERROR(INDEX(计算区!$K$5:$K$25,12),""),""))} -> 5 | K15: {=IF(操作台!$B$4="议程模板",_xlfn.LET(_xlpm.v,IFERROR(INDEX(_xlfn._xlws.FILTER(模板库!$L$2:$L$1000,(模板库!$B$2:$B$1000=操作台!$F$4)*(模板库!$E$2:$E$1000="item")),12),""),IF(OR(_xlpm.v="",_xlpm.v=0),"",_xlpm.v)),IF(操作台!$B$4="接龙导入",IFERROR(INDEX(计算区!$M$5:$M$25,12),""),""))} | Q15: =IF($B15="","",_xlfn.LET(_xlpm.m,IF($O15<>"",$O15,$J15),_xlpm.p,IF($P15<>"",$P15,IF($K15="","待定",$K15)),_xlpm.title,IF($L15<>"",$L15,$G15),_xlfn.TEXTJOIN("；",TRUE,IF(_xlpm.title="","缺少标题",""),IF(_xlpm.m="","缺少排程分钟",IF(NOT(ISNUMBER(_xlpm.m)),"排程分钟无效","")),IF(_xlpm.p="待定","负责人待定",""),IF(AND($A15>1,$F15=""),"前序排程中断","")))) -> 负责人待定 | R15: =IF($B15="","",IF(OR($F15="",IF($O15<>"",NOT(ISNUMBER($O15)),NOT(ISNUMBER($J15)))),"",$F15+IF($O15<>"",$O15,$J15)/1440)) -> 0.83819444 | S15: =IF($B15="",0,1) -> 1
A16: 13 | B16: {=IF(操作台!$B$4="议程模板",_xlfn.LET(_xlpm.v,IFERROR(INDEX(_xlfn._xlws.FILTER(模板库!$D$2:$D$1000,(模板库!$B$2:$B$1000=操作台!$F$4)*(模板库!$E$2:$E$1000="item")),13),""),IF(OR(_xlpm.v="",_xlpm.v=0),"",_xlpm.v)),IF(操作台!$B$4="接龙导入",IFERROR(INDEX(计算区!$F$5:$F$25,13),""),IF(COUNTA($L16:$P16)>0,"manual-"&TEXT($A16,"00"),"")))} -> i-speech-2 | C16: {=IF(操作台!$B$4="议程模板",_xlfn.LET(_xlpm.v,IFERROR(INDEX(_xlfn._xlws.FILTER(模板库!$F$2:$F$1000,(模板库!$B$2:$B$1000=操作台!$F$4)*(模板库!$E$2:$E$1000="item")),13),""),IF(OR(_xlpm.v="",_xlpm.v=0),"",_xlpm.v)),IF(操作台!$B$4="接龙导入",IFERROR(INDEX(计算区!$G$5:$G$25,13),""),IF(COUNTA($L16:$P16)>0,1,"")))} -> 3 | D16: {=IF(操作台!$B$4="议程模板",_xlfn.LET(_xlpm.v,IFERROR(INDEX(_xlfn._xlws.FILTER(模板库!$G$2:$G$1000,(模板库!$B$2:$B$1000=操作台!$F$4)*(模板库!$E$2:$E$1000="item")),13),""),IF(OR(_xlpm.v="",_xlpm.v=0),"",_xlpm.v)),IF(操作台!$B$4="接龙导入",IFERROR(INDEX(计算区!$H$5:$H$25,13),""),IF(COUNTA($L16:$P16)>0,"手工议程","")))} -> 精心演讲环节 | E16: {=IF(操作台!$B$4="议程模板",_xlfn.LET(_xlpm.v,IFERROR(INDEX(_xlfn._xlws.FILTER(模板库!$M$2:$M$1000,(模板库!$B$2:$B$1000=操作台!$F$4)*(模板库!$E$2:$E$1000="item")),13),""),IF(OR(_xlpm.v="",_xlpm.v=0),"",_xlpm.v)),IF(操作台!$B$4="接龙导入",IFERROR(INDEX(计算区!$N$5:$N$25,13),""),IF(COUNTA($L16:$P16)>0,"plain","")))} -> prepared | F16: =IF($B16="","",IF(COUNTIF($Q$4:$Q15,"*排程*")>0,"",IF(COUNTIF($B$4:$B15,"<>")=0,IF(操作台!$B$4="接龙导入",IF(计算区!$E$7<>"",计算区!$E$7,操作台!$F$10),操作台!$F$10),MAX($R$4:$R15)))) -> 0.83819444 | G16: {=IF(操作台!$B$4="议程模板",_xlfn.LET(_xlpm.v,IFERROR(INDEX(_xlfn._xlws.FILTER(模板库!$H$2:$H$1000,(模板库!$B$2:$B$1000=操作台!$F$4)*(模板库!$E$2:$E$1000="item")),13),""),IF(OR(_xlpm.v="",_xlpm.v=0),"",_xlpm.v)),IF(操作台!$B$4="接龙导入",IFERROR(INDEX(计算区!$I$5:$I$25,13),""),""))} -> 备稿演讲2 | H16: {=IF(操作台!$B$4="议程模板",_xlfn.LET(_xlpm.v,IFERROR(INDEX(_xlfn._xlws.FILTER(模板库!$I$2:$I$1000,(模板库!$B$2:$B$1000=操作台!$F$4)*(模板库!$E$2:$E$1000="item")),13),""),IF(OR(_xlpm.v="",_xlpm.v=0),"",_xlpm.v)),IF(操作台!$B$4="接龙导入","",""))} | I16: {=IF(操作台!$B$4="议程模板",_xlfn.LET(_xlpm.v,IFERROR(INDEX(_xlfn._xlws.FILTER(模板库!$J$2:$J$1000,(模板库!$B$2:$B$1000=操作台!$F$4)*(模板库!$E$2:$E$1000="item")),13),""),IF(OR(_xlpm.v="",_xlpm.v=0),"",_xlpm.v)),IF(操作台!$B$4="接龙导入",IFERROR(INDEX(计算区!$J$5:$J$25,13),""),""))} -> 15-20 | J16: {=IF(操作台!$B$4="议程模板",_xlfn.LET(_xlpm.v,IFERROR(INDEX(_xlfn._xlws.FILTER(模板库!$K$2:$K$1000,(模板库!$B$2:$B$1000=操作台!$F$4)*(模板库!$E$2:$E$1000="item")),13),""),IF(OR(_xlpm.v="",_xlpm.v=0),"",_xlpm.v)),IF(操作台!$B$4="接龙导入",IFERROR(INDEX(计算区!$K$5:$K$25,13),""),""))} -> 20 | K16: {=IF(操作台!$B$4="议程模板",_xlfn.LET(_xlpm.v,IFERROR(INDEX(_xlfn._xlws.FILTER(模板库!$L$2:$L$1000,(模板库!$B$2:$B$1000=操作台!$F$4)*(模板库!$E$2:$E$1000="item")),13),""),IF(OR(_xlpm.v="",_xlpm.v=0),"",_xlpm.v)),IF(操作台!$B$4="接龙导入",IFERROR(INDEX(计算区!$M$5:$M$25,13),""),""))} | Q16: =IF($B16="","",_xlfn.LET(_xlpm.m,IF($O16<>"",$O16,$J16),_xlpm.p,IF($P16<>"",$P16,IF($K16="","待定",$K16)),_xlpm.title,IF($L16<>"",$L16,$G16),_xlfn.TEXTJOIN("；",TRUE,IF(_xlpm.title="","缺少标题",""),IF(_xlpm.m="","缺少排程分钟",IF(NOT(ISNUMBER(_xlpm.m)),"排程分钟无效","")),IF(_xlpm.p="待定","负责人待定",""),IF(AND($A16>1,$F16=""),"前序排程中断","")))) -> 负责人待定 | R16: =IF($B16="","",IF(OR($F16="",IF($O16<>"",NOT(ISNUMBER($O16)),NOT(ISNUMBER($J16)))),"",$F16+IF($O16<>"",$O16,$J16)/1440)) -> 0.85208333 | S16: =IF($B16="",0,1) -> 1
A17: 14 | B17: {=IF(操作台!$B$4="议程模板",_xlfn.LET(_xlpm.v,IFERROR(INDEX(_xlfn._xlws.FILTER(模板库!$D$2:$D$1000,(模板库!$B$2:$B$1000=操作台!$F$4)*(模板库!$E$2:$E$1000="item")),14),""),IF(OR(_xlpm.v="",_xlpm.v=0),"",_xlpm.v)),IF(操作台!$B$4="接龙导入",IFERROR(INDEX(计算区!$F$5:$F$25,14),""),IF(COUNTA($L17:$P17)>0,"manual-"&TEXT($A17,"00"),"")))} -> i-guests | C17: {=IF(操作台!$B$4="议程模板",_xlfn.LET(_xlpm.v,IFERROR(INDEX(_xlfn._xlws.FILTER(模板库!$F$2:$F$1000,(模板库!$B$2:$B$1000=操作台!$F$4)*(模板库!$E$2:$E$1000="item")),14),""),IF(OR(_xlpm.v="",_xlpm.v=0),"",_xlpm.v)),IF(操作台!$B$4="接龙导入",IFERROR(INDEX(计算区!$G$5:$G$25,14),""),IF(COUNTA($L17:$P17)>0,1,"")))} -> 3 | D17: {=IF(操作台!$B$4="议程模板",_xlfn.LET(_xlpm.v,IFERROR(INDEX(_xlfn._xlws.FILTER(模板库!$G$2:$G$1000,(模板库!$B$2:$B$1000=操作台!$F$4)*(模板库!$E$2:$E$1000="item")),14),""),IF(OR(_xlpm.v="",_xlpm.v=0),"",_xlpm.v)),IF(操作台!$B$4="接龙导入",IFERROR(INDEX(计算区!$H$5:$H$25,14),""),IF(COUNTA($L17:$P17)>0,"手工议程","")))} -> 精心演讲环节 | E17: {=IF(操作台!$B$4="议程模板",_xlfn.LET(_xlpm.v,IFERROR(INDEX(_xlfn._xlws.FILTER(模板库!$M$2:$M$1000,(模板库!$B$2:$B$1000=操作台!$F$4)*(模板库!$E$2:$E$1000="item")),14),""),IF(OR(_xlpm.v="",_xlpm.v=0),"",_xlpm.v)),IF(操作台!$B$4="接龙导入",IFERROR(INDEX(计算区!$N$5:$N$25,14),""),IF(COUNTA($L17:$P17)>0,"plain","")))} -> plain | F17: =IF($B17="","",IF(COUNTIF($Q$4:$Q16,"*排程*")>0,"",IF(COUNTIF($B$4:$B16,"<>")=0,IF(操作台!$B$4="接龙导入",IF(计算区!$E$7<>"",计算区!$E$7,操作台!$F$10),操作台!$F$10),MAX($R$4:$R16)))) -> 0.85208333 | G17: {=IF(操作台!$B$4="议程模板",_xlfn.LET(_xlpm.v,IFERROR(INDEX(_xlfn._xlws.FILTER(模板库!$H$2:$H$1000,(模板库!$B$2:$B$1000=操作台!$F$4)*(模板库!$E$2:$E$1000="item")),14),""),IF(OR(_xlpm.v="",_xlpm.v=0),"",_xlpm.v)),IF(操作台!$B$4="接龙导入",IFERROR(INDEX(计算区!$I$5:$I$25,14),""),""))} -> 来宾介绍 | H17: {=IF(操作台!$B$4="议程模板",_xlfn.LET(_xlpm.v,IFERROR(INDEX(_xlfn._xlws.FILTER(模板库!$I$2:$I$1000,(模板库!$B$2:$B$1000=操作台!$F$4)*(模板库!$E$2:$E$1000="item")),14),""),IF(OR(_xlpm.v="",_xlpm.v=0),"",_xlpm.v)),IF(操作台!$B$4="接龙导入","",""))} | I17: {=IF(操作台!$B$4="议程模板",_xlfn.LET(_xlpm.v,IFERROR(INDEX(_xlfn._xlws.FILTER(模板库!$J$2:$J$1000,(模板库!$B$2:$B$1000=操作台!$F$4)*(模板库!$E$2:$E$1000="item")),14),""),IF(OR(_xlpm.v="",_xlpm.v=0),"",_xlpm.v)),IF(操作台!$B$4="接龙导入",IFERROR(INDEX(计算区!$J$5:$J$25,14),""),""))} -> 5 | J17: {=IF(操作台!$B$4="议程模板",_xlfn.LET(_xlpm.v,IFERROR(INDEX(_xlfn._xlws.FILTER(模板库!$K$2:$K$1000,(模板库!$B$2:$B$1000=操作台!$F$4)*(模板库!$E$2:$E$1000="item")),14),""),IF(OR(_xlpm.v="",_xlpm.v=0),"",_xlpm.v)),IF(操作台!$B$4="接龙导入",IFERROR(INDEX(计算区!$K$5:$K$25,14),""),""))} -> 5 | K17: {=IF(操作台!$B$4="议程模板",_xlfn.LET(_xlpm.v,IFERROR(INDEX(_xlfn._xlws.FILTER(模板库!$L$2:$L$1000,(模板库!$B$2:$B$1000=操作台!$F$4)*(模板库!$E$2:$E$1000="item")),14),""),IF(OR(_xlpm.v="",_xlpm.v=0),"",_xlpm.v)),IF(操作台!$B$4="接龙导入",IFERROR(INDEX(计算区!$M$5:$M$25,14),""),""))} | Q17: =IF($B17="","",_xlfn.LET(_xlpm.m,IF($O17<>"",$O17,$J17),_xlpm.p,IF($P17<>"",$P17,IF($K17="","待定",$K17)),_xlpm.title,IF($L17<>"",$L17,$G17),_xlfn.TEXTJOIN("；",TRUE,IF(_xlpm.title="","缺少标题",""),IF(_xlpm.m="","缺少排程分钟",IF(NOT(ISNUMBER(_xlpm.m)),"排程分钟无效","")),IF(_xlpm.p="待定","负责人待定",""),IF(AND($A17>1,$F17=""),"前序排程中断","")))) -> 负责人待定 | R17: =IF($B17="","",IF(OR($F17="",IF($O17<>"",NOT(ISNUMBER($O17)),NOT(ISNUMBER($J17)))),"",$F17+IF($O17<>"",$O17,$J17)/1440)) -> 0.85555556 | S17: =IF($B17="",0,1) -> 1
A18: 15 | B18: {=IF(操作台!$B$4="议程模板",_xlfn.LET(_xlpm.v,IFERROR(INDEX(_xlfn._xlws.FILTER(模板库!$D$2:$D$1000,(模板库!$B$2:$B$1000=操作台!$F$4)*(模板库!$E$2:$E$1000="item")),15),""),IF(OR(_xlpm.v="",_xlpm.v=0),"",_xlpm.v)),IF(操作台!$B$4="接龙导入",IFERROR(INDEX(计算区!$F$5:$F$25,15),""),IF(COUNTA($L18:$P18)>0,"manual-"&TEXT($A18,"00"),"")))} -> i-surprise | C18: {=IF(操作台!$B$4="议程模板",_xlfn.LET(_xlpm.v,IFERROR(INDEX(_xlfn._xlws.FILTER(模板库!$F$2:$F$1000,(模板库!$B$2:$B$1000=操作台!$F$4)*(模板库!$E$2:$E$1000="item")),15),""),IF(OR(_xlpm.v="",_xlpm.v=0),"",_xlpm.v)),IF(操作台!$B$4="接龙导入",IFERROR(INDEX(计算区!$G$5:$G$25,15),""),IF(COUNTA($L18:$P18)>0,1,"")))} -> 3 | D18: {=IF(操作台!$B$4="议程模板",_xlfn.LET(_xlpm.v,IFERROR(INDEX(_xlfn._xlws.FILTER(模板库!$G$2:$G$1000,(模板库!$B$2:$B$1000=操作台!$F$4)*(模板库!$E$2:$E$1000="item")),15),""),IF(OR(_xlpm.v="",_xlpm.v=0),"",_xlpm.v)),IF(操作台!$B$4="接龙导入",IFERROR(INDEX(计算区!$H$5:$H$25,15),""),IF(COUNTA($L18:$P18)>0,"手工议程","")))} -> 精心演讲环节 | E18: {=IF(操作台!$B$4="议程模板",_xlfn.LET(_xlpm.v,IFERROR(INDEX(_xlfn._xlws.FILTER(模板库!$M$2:$M$1000,(模板库!$B$2:$B$1000=操作台!$F$4)*(模板库!$E$2:$E$1000="item")),15),""),IF(OR(_xlpm.v="",_xlpm.v=0),"",_xlpm.v)),IF(操作台!$B$4="接龙导入",IFERROR(INDEX(计算区!$N$5:$N$25,15),""),IF(COUNTA($L18:$P18)>0,"plain","")))} -> plain | F18: =IF($B18="","",IF(COUNTIF($Q$4:$Q17,"*排程*")>0,"",IF(COUNTIF($B$4:$B17,"<>")=0,IF(操作台!$B$4="接龙导入",IF(计算区!$E$7<>"",计算区!$E$7,操作台!$F$10),操作台!$F$10),MAX($R$4:$R17)))) -> 0.85555556 | G18: {=IF(操作台!$B$4="议程模板",_xlfn.LET(_xlpm.v,IFERROR(INDEX(_xlfn._xlws.FILTER(模板库!$H$2:$H$1000,(模板库!$B$2:$B$1000=操作台!$F$4)*(模板库!$E$2:$E$1000="item")),15),""),IF(OR(_xlpm.v="",_xlpm.v=0),"",_xlpm.v)),IF(操作台!$B$4="接龙导入",IFERROR(INDEX(计算区!$I$5:$I$25,15),""),""))} -> 惊喜环节 | H18: {=IF(操作台!$B$4="议程模板",_xlfn.LET(_xlpm.v,IFERROR(INDEX(_xlfn._xlws.FILTER(模板库!$I$2:$I$1000,(模板库!$B$2:$B$1000=操作台!$F$4)*(模板库!$E$2:$E$1000="item")),15),""),IF(OR(_xlpm.v="",_xlpm.v=0),"",_xlpm.v)),IF(操作台!$B$4="接龙导入","",""))} | I18: {=IF(操作台!$B$4="议程模板",_xlfn.LET(_xlpm.v,IFERROR(INDEX(_xlfn._xlws.FILTER(模板库!$J$2:$J$1000,(模板库!$B$2:$B$1000=操作台!$F$4)*(模板库!$E$2:$E$1000="item")),15),""),IF(OR(_xlpm.v="",_xlpm.v=0),"",_xlpm.v)),IF(操作台!$B$4="接龙导入",IFERROR(INDEX(计算区!$J$5:$J$25,15),""),""))} -> 7 | J18: {=IF(操作台!$B$4="议程模板",_xlfn.LET(_xlpm.v,IFERROR(INDEX(_xlfn._xlws.FILTER(模板库!$K$2:$K$1000,(模板库!$B$2:$B$1000=操作台!$F$4)*(模板库!$E$2:$E$1000="item")),15),""),IF(OR(_xlpm.v="",_xlpm.v=0),"",_xlpm.v)),IF(操作台!$B$4="接龙导入",IFERROR(INDEX(计算区!$K$5:$K$25,15),""),""))} -> 7 | K18: {=IF(操作台!$B$4="议程模板",_xlfn.LET(_xlpm.v,IFERROR(INDEX(_xlfn._xlws.FILTER(模板库!$L$2:$L$1000,(模板库!$B$2:$B$1000=操作台!$F$4)*(模板库!$E$2:$E$1000="item")),15),""),IF(OR(_xlpm.v="",_xlpm.v=0),"",_xlpm.v)),IF(操作台!$B$4="接龙导入",IFERROR(INDEX(计算区!$M$5:$M$25,15),""),""))} | Q18: =IF($B18="","",_xlfn.LET(_xlpm.m,IF($O18<>"",$O18,$J18),_xlpm.p,IF($P18<>"",$P18,IF($K18="","待定",$K18)),_xlpm.title,IF($L18<>"",$L18,$G18),_xlfn.TEXTJOIN("；",TRUE,IF(_xlpm.title="","缺少标题",""),IF(_xlpm.m="","缺少排程分钟",IF(NOT(ISNUMBER(_xlpm.m)),"排程分钟无效","")),IF(_xlpm.p="待定","负责人待定",""),IF(AND($A18>1,$F18=""),"前序排程中断","")))) -> 负责人待定 | R18: =IF($B18="","",IF(OR($F18="",IF($O18<>"",NOT(ISNUMBER($O18)),NOT(ISNUMBER($J18)))),"",$F18+IF($O18<>"",$O18,$J18)/1440)) -> 0.86041667 | S18: =IF($B18="",0,1) -> 1
A19: 16 | B19: {=IF(操作台!$B$4="议程模板",_xlfn.LET(_xlpm.v,IFERROR(INDEX(_xlfn._xlws.FILTER(模板库!$D$2:$D$1000,(模板库!$B$2:$B$1000=操作台!$F$4)*(模板库!$E$2:$E$1000="item")),16),""),IF(OR(_xlpm.v="",_xlpm.v=0),"",_xlpm.v)),IF(操作台!$B$4="接龙导入",IFERROR(INDEX(计算区!$F$5:$F$25,16),""),IF(COUNTA($L19:$P19)>0,"manual-"&TEXT($A19,"00"),"")))} -> i-break | C19: {=IF(操作台!$B$4="议程模板",_xlfn.LET(_xlpm.v,IFERROR(INDEX(_xlfn._xlws.FILTER(模板库!$F$2:$F$1000,(模板库!$B$2:$B$1000=操作台!$F$4)*(模板库!$E$2:$E$1000="item")),16),""),IF(OR(_xlpm.v="",_xlpm.v=0),"",_xlpm.v)),IF(操作台!$B$4="接龙导入",IFERROR(INDEX(计算区!$G$5:$G$25,16),""),IF(COUNTA($L19:$P19)>0,1,"")))} -> 4 | D19: {=IF(操作台!$B$4="议程模板",_xlfn.LET(_xlpm.v,IFERROR(INDEX(_xlfn._xlws.FILTER(模板库!$G$2:$G$1000,(模板库!$B$2:$B$1000=操作台!$F$4)*(模板库!$E$2:$E$1000="item")),16),""),IF(OR(_xlpm.v="",_xlpm.v=0),"",_xlpm.v)),IF(操作台!$B$4="接龙导入",IFERROR(INDEX(计算区!$H$5:$H$25,16),""),IF(COUNTA($L19:$P19)>0,"手工议程","")))} -> 茶歇&会议反馈环节 | E19: {=IF(操作台!$B$4="议程模板",_xlfn.LET(_xlpm.v,IFERROR(INDEX(_xlfn._xlws.FILTER(模板库!$M$2:$M$1000,(模板库!$B$2:$B$1000=操作台!$F$4)*(模板库!$E$2:$E$1000="item")),16),""),IF(OR(_xlpm.v="",_xlpm.v=0),"",_xlpm.v)),IF(操作台!$B$4="接龙导入",IFERROR(INDEX(计算区!$N$5:$N$25,16),""),IF(COUNTA($L19:$P19)>0,"plain","")))} -> break | F19: =IF($B19="","",IF(COUNTIF($Q$4:$Q18,"*排程*")>0,"",IF(COUNTIF($B$4:$B18,"<>")=0,IF(操作台!$B$4="接龙导入",IF(计算区!$E$7<>"",计算区!$E$7,操作台!$F$10),操作台!$F$10),MAX($R$4:$R18)))) -> 0.86041667 | G19: {=IF(操作台!$B$4="议程模板",_xlfn.LET(_xlpm.v,IFERROR(INDEX(_xlfn._xlws.FILTER(模板库!$H$2:$H$1000,(模板库!$B$2:$B$1000=操作台!$F$4)*(模板库!$E$2:$E$1000="item")),16),""),IF(OR(_xlpm.v="",_xlpm.v=0),"",_xlpm.v)),IF(操作台!$B$4="接龙导入",IFERROR(INDEX(计算区!$I$5:$I$25,16),""),""))} -> 茶歇+大合照 | H19: {=IF(操作台!$B$4="议程模板",_xlfn.LET(_xlpm.v,IFERROR(INDEX(_xlfn._xlws.FILTER(模板库!$I$2:$I$1000,(模板库!$B$2:$B$1000=操作台!$F$4)*(模板库!$E$2:$E$1000="item")),16),""),IF(OR(_xlpm.v="",_xlpm.v=0),"",_xlpm.v)),IF(操作台!$B$4="接龙导入","",""))} | I19: {=IF(操作台!$B$4="议程模板",_xlfn.LET(_xlpm.v,IFERROR(INDEX(_xlfn._xlws.FILTER(模板库!$J$2:$J$1000,(模板库!$B$2:$B$1000=操作台!$F$4)*(模板库!$E$2:$E$1000="item")),16),""),IF(OR(_xlpm.v="",_xlpm.v=0),"",_xlpm.v)),IF(操作台!$B$4="接龙导入",IFERROR(INDEX(计算区!$J$5:$J$25,16),""),""))} -> 5 | J19: {=IF(操作台!$B$4="议程模板",_xlfn.LET(_xlpm.v,IFERROR(INDEX(_xlfn._xlws.FILTER(模板库!$K$2:$K$1000,(模板库!$B$2:$B$1000=操作台!$F$4)*(模板库!$E$2:$E$1000="item")),16),""),IF(OR(_xlpm.v="",_xlpm.v=0),"",_xlpm.v)),IF(操作台!$B$4="接龙导入",IFERROR(INDEX(计算区!$K$5:$K$25,16),""),""))} -> 5 | K19: {=IF(操作台!$B$4="议程模板",_xlfn.LET(_xlpm.v,IFERROR(INDEX(_xlfn._xlws.FILTER(模板库!$L$2:$L$1000,(模板库!$B$2:$B$1000=操作台!$F$4)*(模板库!$E$2:$E$1000="item")),16),""),IF(OR(_xlpm.v="",_xlpm.v=0),"",_xlpm.v)),IF(操作台!$B$4="接龙导入",IFERROR(INDEX(计算区!$M$5:$M$25,16),""),""))} -> 全场人员 | Q19: =IF($B19="","",_xlfn.LET(_xlpm.m,IF($O19<>"",$O19,$J19),_xlpm.p,IF($P19<>"",$P19,IF($K19="","待定",$K19)),_xlpm.title,IF($L19<>"",$L19,$G19),_xlfn.TEXTJOIN("；",TRUE,IF(_xlpm.title="","缺少标题",""),IF(_xlpm.m="","缺少排程分钟",IF(NOT(ISNUMBER(_xlpm.m)),"排程分钟无效","")),IF(_xlpm.p="待定","负责人待定",""),IF(AND($A19>1,$F19=""),"前序排程中断","")))) | R19: =IF($B19="","",IF(OR($F19="",IF($O19<>"",NOT(ISNUMBER($O19)),NOT(ISNUMBER($J19)))),"",$F19+IF($O19<>"",$O19,$J19)/1440)) -> 0.86388889 | S19: =IF($B19="",0,1) -> 1
A20: 17 | B20: {=IF(操作台!$B$4="议程模板",_xlfn.LET(_xlpm.v,IFERROR(INDEX(_xlfn._xlws.FILTER(模板库!$D$2:$D$1000,(模板库!$B$2:$B$1000=操作台!$F$4)*(模板库!$E$2:$E$1000="item")),17),""),IF(OR(_xlpm.v="",_xlpm.v=0),"",_xlpm.v)),IF(操作台!$B$4="接龙导入",IFERROR(INDEX(计算区!$F$5:$F$25,17),""),IF(COUNTA($L20:$P20)>0,"manual-"&TEXT($A20,"00"),"")))} -> i-feedback-intro | C20: {=IF(操作台!$B$4="议程模板",_xlfn.LET(_xlpm.v,IFERROR(INDEX(_xlfn._xlws.FILTER(模板库!$F$2:$F$1000,(模板库!$B$2:$B$1000=操作台!$F$4)*(模板库!$E$2:$E$1000="item")),17),""),IF(OR(_xlpm.v="",_xlpm.v=0),"",_xlpm.v)),IF(操作台!$B$4="接龙导入",IFERROR(INDEX(计算区!$G$5:$G$25,17),""),IF(COUNTA($L20:$P20)>0,1,"")))} -> 4 | D20: {=IF(操作台!$B$4="议程模板",_xlfn.LET(_xlpm.v,IFERROR(INDEX(_xlfn._xlws.FILTER(模板库!$G$2:$G$1000,(模板库!$B$2:$B$1000=操作台!$F$4)*(模板库!$E$2:$E$1000="item")),17),""),IF(OR(_xlpm.v="",_xlpm.v=0),"",_xlpm.v)),IF(操作台!$B$4="接龙导入",IFERROR(INDEX(计算区!$H$5:$H$25,17),""),IF(COUNTA($L20:$P20)>0,"手工议程","")))} -> 茶歇&会议反馈环节 | E20: {=IF(操作台!$B$4="议程模板",_xlfn.LET(_xlpm.v,IFERROR(INDEX(_xlfn._xlws.FILTER(模板库!$M$2:$M$1000,(模板库!$B$2:$B$1000=操作台!$F$4)*(模板库!$E$2:$E$1000="item")),17),""),IF(OR(_xlpm.v="",_xlpm.v=0),"",_xlpm.v)),IF(操作台!$B$4="接龙导入",IFERROR(INDEX(计算区!$N$5:$N$25,17),""),IF(COUNTA($L20:$P20)>0,"plain","")))} -> plain | F20: =IF($B20="","",IF(COUNTIF($Q$4:$Q19,"*排程*")>0,"",IF(COUNTIF($B$4:$B19,"<>")=0,IF(操作台!$B$4="接龙导入",IF(计算区!$E$7<>"",计算区!$E$7,操作台!$F$10),操作台!$F$10),MAX($R$4:$R19)))) -> 0.86388889 | G20: {=IF(操作台!$B$4="议程模板",_xlfn.LET(_xlpm.v,IFERROR(INDEX(_xlfn._xlws.FILTER(模板库!$H$2:$H$1000,(模板库!$B$2:$B$1000=操作台!$F$4)*(模板库!$E$2:$E$1000="item")),17),""),IF(OR(_xlpm.v="",_xlpm.v=0),"",_xlpm.v)),IF(操作台!$B$4="接龙导入",IFERROR(INDEX(计算区!$I$5:$I$25,17),""),""))} -> 总主持人介绍本环节+串场 | H20: {=IF(操作台!$B$4="议程模板",_xlfn.LET(_xlpm.v,IFERROR(INDEX(_xlfn._xlws.FILTER(模板库!$I$2:$I$1000,(模板库!$B$2:$B$1000=操作台!$F$4)*(模板库!$E$2:$E$1000="item")),17),""),IF(OR(_xlpm.v="",_xlpm.v=0),"",_xlpm.v)),IF(操作台!$B$4="接龙导入","",""))} | I20: {=IF(操作台!$B$4="议程模板",_xlfn.LET(_xlpm.v,IFERROR(INDEX(_xlfn._xlws.FILTER(模板库!$J$2:$J$1000,(模板库!$B$2:$B$1000=操作台!$F$4)*(模板库!$E$2:$E$1000="item")),17),""),IF(OR(_xlpm.v="",_xlpm.v=0),"",_xlpm.v)),IF(操作台!$B$4="接龙导入",IFERROR(INDEX(计算区!$J$5:$J$25,17),""),""))} -> 4 | J20: {=IF(操作台!$B$4="议程模板",_xlfn.LET(_xlpm.v,IFERROR(INDEX(_xlfn._xlws.FILTER(模板库!$K$2:$K$1000,(模板库!$B$2:$B$1000=操作台!$F$4)*(模板库!$E$2:$E$1000="item")),17),""),IF(OR(_xlpm.v="",_xlpm.v=0),"",_xlpm.v)),IF(操作台!$B$4="接龙导入",IFERROR(INDEX(计算区!$K$5:$K$25,17),""),""))} -> 4 | K20: {=IF(操作台!$B$4="议程模板",_xlfn.LET(_xlpm.v,IFERROR(INDEX(_xlfn._xlws.FILTER(模板库!$L$2:$L$1000,(模板库!$B$2:$B$1000=操作台!$F$4)*(模板库!$E$2:$E$1000="item")),17),""),IF(OR(_xlpm.v="",_xlpm.v=0),"",_xlpm.v)),IF(操作台!$B$4="接龙导入",IFERROR(INDEX(计算区!$M$5:$M$25,17),""),""))} | Q20: =IF($B20="","",_xlfn.LET(_xlpm.m,IF($O20<>"",$O20,$J20),_xlpm.p,IF($P20<>"",$P20,IF($K20="","待定",$K20)),_xlpm.title,IF($L20<>"",$L20,$G20),_xlfn.TEXTJOIN("；",TRUE,IF(_xlpm.title="","缺少标题",""),IF(_xlpm.m="","缺少排程分钟",IF(NOT(ISNUMBER(_xlpm.m)),"排程分钟无效","")),IF(_xlpm.p="待定","负责人待定",""),IF(AND($A20>1,$F20=""),"前序排程中断","")))) -> 负责人待定 | R20: =IF($B20="","",IF(OR($F20="",IF($O20<>"",NOT(ISNUMBER($O20)),NOT(ISNUMBER($J20)))),"",$F20+IF($O20<>"",$O20,$J20)/1440)) -> 0.86666667 | S20: =IF($B20="",0,1) -> 1
A21: 18 | B21: {=IF(操作台!$B$4="议程模板",_xlfn.LET(_xlpm.v,IFERROR(INDEX(_xlfn._xlws.FILTER(模板库!$D$2:$D$1000,(模板库!$B$2:$B$1000=操作台!$F$4)*(模板库!$E$2:$E$1000="item")),18),""),IF(OR(_xlpm.v="",_xlpm.v=0),"",_xlpm.v)),IF(操作台!$B$4="接龙导入",IFERROR(INDEX(计算区!$F$5:$F$25,18),""),IF(COUNTA($L21:$P21)>0,"manual-"&TEXT($A21,"00"),"")))} -> i-impromptu-eval | C21: {=IF(操作台!$B$4="议程模板",_xlfn.LET(_xlpm.v,IFERROR(INDEX(_xlfn._xlws.FILTER(模板库!$F$2:$F$1000,(模板库!$B$2:$B$1000=操作台!$F$4)*(模板库!$E$2:$E$1000="item")),18),""),IF(OR(_xlpm.v="",_xlpm.v=0),"",_xlpm.v)),IF(操作台!$B$4="接龙导入",IFERROR(INDEX(计算区!$G$5:$G$25,18),""),IF(COUNTA($L21:$P21)>0,1,"")))} -> 4 | D21: {=IF(操作台!$B$4="议程模板",_xlfn.LET(_xlpm.v,IFERROR(INDEX(_xlfn._xlws.FILTER(模板库!$G$2:$G$1000,(模板库!$B$2:$B$1000=操作台!$F$4)*(模板库!$E$2:$E$1000="item")),18),""),IF(OR(_xlpm.v="",_xlpm.v=0),"",_xlpm.v)),IF(操作台!$B$4="接龙导入",IFERROR(INDEX(计算区!$H$5:$H$25,18),""),IF(COUNTA($L21:$P21)>0,"手工议程","")))} -> 茶歇&会议反馈环节 | E21: {=IF(操作台!$B$4="议程模板",_xlfn.LET(_xlpm.v,IFERROR(INDEX(_xlfn._xlws.FILTER(模板库!$M$2:$M$1000,(模板库!$B$2:$B$1000=操作台!$F$4)*(模板库!$E$2:$E$1000="item")),18),""),IF(OR(_xlpm.v="",_xlpm.v=0),"",_xlpm.v)),IF(操作台!$B$4="接龙导入",IFERROR(INDEX(计算区!$N$5:$N$25,18),""),IF(COUNTA($L21:$P21)>0,"plain","")))} -> impromptu | F21: =IF($B21="","",IF(COUNTIF($Q$4:$Q20,"*排程*")>0,"",IF(COUNTIF($B$4:$B20,"<>")=0,IF(操作台!$B$4="接龙导入",IF(计算区!$E$7<>"",计算区!$E$7,操作台!$F$10),操作台!$F$10),MAX($R$4:$R20)))) -> 0.86666667 | G21: {=IF(操作台!$B$4="议程模板",_xlfn.LET(_xlpm.v,IFERROR(INDEX(_xlfn._xlws.FILTER(模板库!$H$2:$H$1000,(模板库!$B$2:$B$1000=操作台!$F$4)*(模板库!$E$2:$E$1000="item")),18),""),IF(OR(_xlpm.v="",_xlpm.v=0),"",_xlpm.v)),IF(操作台!$B$4="接龙导入",IFERROR(INDEX(计算区!$I$5:$I$25,18),""),""))} -> 即兴点评 | H21: {=IF(操作台!$B$4="议程模板",_xlfn.LET(_xlpm.v,IFERROR(INDEX(_xlfn._xlws.FILTER(模板库!$I$2:$I$1000,(模板库!$B$2:$B$1000=操作台!$F$4)*(模板库!$E$2:$E$1000="item")),18),""),IF(OR(_xlpm.v="",_xlpm.v=0),"",_xlpm.v)),IF(操作台!$B$4="接龙导入","",""))} | I21: {=IF(操作台!$B$4="议程模板",_xlfn.LET(_xlpm.v,IFERROR(INDEX(_xlfn._xlws.FILTER(模板库!$J$2:$J$1000,(模板库!$B$2:$B$1000=操作台!$F$4)*(模板库!$E$2:$E$1000="item")),18),""),IF(OR(_xlpm.v="",_xlpm.v=0),"",_xlpm.v)),IF(操作台!$B$4="接龙导入",IFERROR(INDEX(计算区!$J$5:$J$25,18),""),""))} -> 8 | J21: {=IF(操作台!$B$4="议程模板",_xlfn.LET(_xlpm.v,IFERROR(INDEX(_xlfn._xlws.FILTER(模板库!$K$2:$K$1000,(模板库!$B$2:$B$1000=操作台!$F$4)*(模板库!$E$2:$E$1000="item")),18),""),IF(OR(_xlpm.v="",_xlpm.v=0),"",_xlpm.v)),IF(操作台!$B$4="接龙导入",IFERROR(INDEX(计算区!$K$5:$K$25,18),""),""))} -> 8 | K21: {=IF(操作台!$B$4="议程模板",_xlfn.LET(_xlpm.v,IFERROR(INDEX(_xlfn._xlws.FILTER(模板库!$L$2:$L$1000,(模板库!$B$2:$B$1000=操作台!$F$4)*(模板库!$E$2:$E$1000="item")),18),""),IF(OR(_xlpm.v="",_xlpm.v=0),"",_xlpm.v)),IF(操作台!$B$4="接龙导入",IFERROR(INDEX(计算区!$M$5:$M$25,18),""),""))} | Q21: =IF($B21="","",_xlfn.LET(_xlpm.m,IF($O21<>"",$O21,$J21),_xlpm.p,IF($P21<>"",$P21,IF($K21="","待定",$K21)),_xlpm.title,IF($L21<>"",$L21,$G21),_xlfn.TEXTJOIN("；",TRUE,IF(_xlpm.title="","缺少标题",""),IF(_xlpm.m="","缺少排程分钟",IF(NOT(ISNUMBER(_xlpm.m)),"排程分钟无效","")),IF(_xlpm.p="待定","负责人待定",""),IF(AND($A21>1,$F21=""),"前序排程中断","")))) -> 负责人待定 | R21: =IF($B21="","",IF(OR($F21="",IF($O21<>"",NOT(ISNUMBER($O21)),NOT(ISNUMBER($J21)))),"",$F21+IF($O21<>"",$O21,$J21)/1440)) -> 0.87222222 | S21: =IF($B21="",0,1) -> 1
A22: 19 | B22: {=IF(操作台!$B$4="议程模板",_xlfn.LET(_xlpm.v,IFERROR(INDEX(_xlfn._xlws.FILTER(模板库!$D$2:$D$1000,(模板库!$B$2:$B$1000=操作台!$F$4)*(模板库!$E$2:$E$1000="item")),19),""),IF(OR(_xlpm.v="",_xlpm.v=0),"",_xlpm.v)),IF(操作台!$B$4="接龙导入",IFERROR(INDEX(计算区!$F$5:$F$25,19),""),IF(COUNTA($L22:$P22)>0,"manual-"&TEXT($A22,"00"),"")))} -> i-eval-1 | C22: {=IF(操作台!$B$4="议程模板",_xlfn.LET(_xlpm.v,IFERROR(INDEX(_xlfn._xlws.FILTER(模板库!$F$2:$F$1000,(模板库!$B$2:$B$1000=操作台!$F$4)*(模板库!$E$2:$E$1000="item")),19),""),IF(OR(_xlpm.v="",_xlpm.v=0),"",_xlpm.v)),IF(操作台!$B$4="接龙导入",IFERROR(INDEX(计算区!$G$5:$G$25,19),""),IF(COUNTA($L22:$P22)>0,1,"")))} -> 4 | D22: {=IF(操作台!$B$4="议程模板",_xlfn.LET(_xlpm.v,IFERROR(INDEX(_xlfn._xlws.FILTER(模板库!$G$2:$G$1000,(模板库!$B$2:$B$1000=操作台!$F$4)*(模板库!$E$2:$E$1000="item")),19),""),IF(OR(_xlpm.v="",_xlpm.v=0),"",_xlpm.v)),IF(操作台!$B$4="接龙导入",IFERROR(INDEX(计算区!$H$5:$H$25,19),""),IF(COUNTA($L22:$P22)>0,"手工议程","")))} -> 茶歇&会议反馈环节 | E22: {=IF(操作台!$B$4="议程模板",_xlfn.LET(_xlpm.v,IFERROR(INDEX(_xlfn._xlws.FILTER(模板库!$M$2:$M$1000,(模板库!$B$2:$B$1000=操作台!$F$4)*(模板库!$E$2:$E$1000="item")),19),""),IF(OR(_xlpm.v="",_xlpm.v=0),"",_xlpm.v)),IF(操作台!$B$4="接龙导入",IFERROR(INDEX(计算区!$N$5:$N$25,19),""),IF(COUNTA($L22:$P22)>0,"plain","")))} -> prepared | F22: =IF($B22="","",IF(COUNTIF($Q$4:$Q21,"*排程*")>0,"",IF(COUNTIF($B$4:$B21,"<>")=0,IF(操作台!$B$4="接龙导入",IF(计算区!$E$7<>"",计算区!$E$7,操作台!$F$10),操作台!$F$10),MAX($R$4:$R21)))) -> 0.87222222 | G22: {=IF(操作台!$B$4="议程模板",_xlfn.LET(_xlpm.v,IFERROR(INDEX(_xlfn._xlws.FILTER(模板库!$H$2:$H$1000,(模板库!$B$2:$B$1000=操作台!$F$4)*(模板库!$E$2:$E$1000="item")),19),""),IF(OR(_xlpm.v="",_xlpm.v=0),"",_xlpm.v)),IF(操作台!$B$4="接龙导入",IFERROR(INDEX(计算区!$I$5:$I$25,19),""),""))} -> 备稿点评1 | H22: {=IF(操作台!$B$4="议程模板",_xlfn.LET(_xlpm.v,IFERROR(INDEX(_xlfn._xlws.FILTER(模板库!$I$2:$I$1000,(模板库!$B$2:$B$1000=操作台!$F$4)*(模板库!$E$2:$E$1000="item")),19),""),IF(OR(_xlpm.v="",_xlpm.v=0),"",_xlpm.v)),IF(操作台!$B$4="接龙导入","",""))} | I22: {=IF(操作台!$B$4="议程模板",_xlfn.LET(_xlpm.v,IFERROR(INDEX(_xlfn._xlws.FILTER(模板库!$J$2:$J$1000,(模板库!$B$2:$B$1000=操作台!$F$4)*(模板库!$E$2:$E$1000="item")),19),""),IF(OR(_xlpm.v="",_xlpm.v=0),"",_xlpm.v)),IF(操作台!$B$4="接龙导入",IFERROR(INDEX(计算区!$J$5:$J$25,19),""),""))} -> 3 | J22: {=IF(操作台!$B$4="议程模板",_xlfn.LET(_xlpm.v,IFERROR(INDEX(_xlfn._xlws.FILTER(模板库!$K$2:$K$1000,(模板库!$B$2:$B$1000=操作台!$F$4)*(模板库!$E$2:$E$1000="item")),19),""),IF(OR(_xlpm.v="",_xlpm.v=0),"",_xlpm.v)),IF(操作台!$B$4="接龙导入",IFERROR(INDEX(计算区!$K$5:$K$25,19),""),""))} -> 3 | K22: {=IF(操作台!$B$4="议程模板",_xlfn.LET(_xlpm.v,IFERROR(INDEX(_xlfn._xlws.FILTER(模板库!$L$2:$L$1000,(模板库!$B$2:$B$1000=操作台!$F$4)*(模板库!$E$2:$E$1000="item")),19),""),IF(OR(_xlpm.v="",_xlpm.v=0),"",_xlpm.v)),IF(操作台!$B$4="接龙导入",IFERROR(INDEX(计算区!$M$5:$M$25,19),""),""))} | Q22: =IF($B22="","",_xlfn.LET(_xlpm.m,IF($O22<>"",$O22,$J22),_xlpm.p,IF($P22<>"",$P22,IF($K22="","待定",$K22)),_xlpm.title,IF($L22<>"",$L22,$G22),_xlfn.TEXTJOIN("；",TRUE,IF(_xlpm.title="","缺少标题",""),IF(_xlpm.m="","缺少排程分钟",IF(NOT(ISNUMBER(_xlpm.m)),"排程分钟无效","")),IF(_xlpm.p="待定","负责人待定",""),IF(AND($A22>1,$F22=""),"前序排程中断","")))) -> 负责人待定 | R22: =IF($B22="","",IF(OR($F22="",IF($O22<>"",NOT(ISNUMBER($O22)),NOT(ISNUMBER($J22)))),"",$F22+IF($O22<>"",$O22,$J22)/1440)) -> 0.87430556 | S22: =IF($B22="",0,1) -> 1
A23: 20 | B23: {=IF(操作台!$B$4="议程模板",_xlfn.LET(_xlpm.v,IFERROR(INDEX(_xlfn._xlws.FILTER(模板库!$D$2:$D$1000,(模板库!$B$2:$B$1000=操作台!$F$4)*(模板库!$E$2:$E$1000="item")),20),""),IF(OR(_xlpm.v="",_xlpm.v=0),"",_xlpm.v)),IF(操作台!$B$4="接龙导入",IFERROR(INDEX(计算区!$F$5:$F$25,20),""),IF(COUNTA($L23:$P23)>0,"manual-"&TEXT($A23,"00"),"")))} -> i-eval-2 | C23: {=IF(操作台!$B$4="议程模板",_xlfn.LET(_xlpm.v,IFERROR(INDEX(_xlfn._xlws.FILTER(模板库!$F$2:$F$1000,(模板库!$B$2:$B$1000=操作台!$F$4)*(模板库!$E$2:$E$1000="item")),20),""),IF(OR(_xlpm.v="",_xlpm.v=0),"",_xlpm.v)),IF(操作台!$B$4="接龙导入",IFERROR(INDEX(计算区!$G$5:$G$25,20),""),IF(COUNTA($L23:$P23)>0,1,"")))} -> 4 | D23: {=IF(操作台!$B$4="议程模板",_xlfn.LET(_xlpm.v,IFERROR(INDEX(_xlfn._xlws.FILTER(模板库!$G$2:$G$1000,(模板库!$B$2:$B$1000=操作台!$F$4)*(模板库!$E$2:$E$1000="item")),20),""),IF(OR(_xlpm.v="",_xlpm.v=0),"",_xlpm.v)),IF(操作台!$B$4="接龙导入",IFERROR(INDEX(计算区!$H$5:$H$25,20),""),IF(COUNTA($L23:$P23)>0,"手工议程","")))} -> 茶歇&会议反馈环节 | E23: {=IF(操作台!$B$4="议程模板",_xlfn.LET(_xlpm.v,IFERROR(INDEX(_xlfn._xlws.FILTER(模板库!$M$2:$M$1000,(模板库!$B$2:$B$1000=操作台!$F$4)*(模板库!$E$2:$E$1000="item")),20),""),IF(OR(_xlpm.v="",_xlpm.v=0),"",_xlpm.v)),IF(操作台!$B$4="接龙导入",IFERROR(INDEX(计算区!$N$5:$N$25,20),""),IF(COUNTA($L23:$P23)>0,"plain","")))} -> prepared | F23: =IF($B23="","",IF(COUNTIF($Q$4:$Q22,"*排程*")>0,"",IF(COUNTIF($B$4:$B22,"<>")=0,IF(操作台!$B$4="接龙导入",IF(计算区!$E$7<>"",计算区!$E$7,操作台!$F$10),操作台!$F$10),MAX($R$4:$R22)))) -> 0.87430556 | G23: {=IF(操作台!$B$4="议程模板",_xlfn.LET(_xlpm.v,IFERROR(INDEX(_xlfn._xlws.FILTER(模板库!$H$2:$H$1000,(模板库!$B$2:$B$1000=操作台!$F$4)*(模板库!$E$2:$E$1000="item")),20),""),IF(OR(_xlpm.v="",_xlpm.v=0),"",_xlpm.v)),IF(操作台!$B$4="接龙导入",IFERROR(INDEX(计算区!$I$5:$I$25,20),""),""))} -> 备稿点评2 | H23: {=IF(操作台!$B$4="议程模板",_xlfn.LET(_xlpm.v,IFERROR(INDEX(_xlfn._xlws.FILTER(模板库!$I$2:$I$1000,(模板库!$B$2:$B$1000=操作台!$F$4)*(模板库!$E$2:$E$1000="item")),20),""),IF(OR(_xlpm.v="",_xlpm.v=0),"",_xlpm.v)),IF(操作台!$B$4="接龙导入","",""))} | I23: {=IF(操作台!$B$4="议程模板",_xlfn.LET(_xlpm.v,IFERROR(INDEX(_xlfn._xlws.FILTER(模板库!$J$2:$J$1000,(模板库!$B$2:$B$1000=操作台!$F$4)*(模板库!$E$2:$E$1000="item")),20),""),IF(OR(_xlpm.v="",_xlpm.v=0),"",_xlpm.v)),IF(操作台!$B$4="接龙导入",IFERROR(INDEX(计算区!$J$5:$J$25,20),""),""))} -> 3 | J23: {=IF(操作台!$B$4="议程模板",_xlfn.LET(_xlpm.v,IFERROR(INDEX(_xlfn._xlws.FILTER(模板库!$K$2:$K$1000,(模板库!$B$2:$B$1000=操作台!$F$4)*(模板库!$E$2:$E$1000="item")),20),""),IF(OR(_xlpm.v="",_xlpm.v=0),"",_xlpm.v)),IF(操作台!$B$4="接龙导入",IFERROR(INDEX(计算区!$K$5:$K$25,20),""),""))} -> 3 | K23: {=IF(操作台!$B$4="议程模板",_xlfn.LET(_xlpm.v,IFERROR(INDEX(_xlfn._xlws.FILTER(模板库!$L$2:$L$1000,(模板库!$B$2:$B$1000=操作台!$F$4)*(模板库!$E$2:$E$1000="item")),20),""),IF(OR(_xlpm.v="",_xlpm.v=0),"",_xlpm.v)),IF(操作台!$B$4="接龙导入",IFERROR(INDEX(计算区!$M$5:$M$25,20),""),""))} | Q23: =IF($B23="","",_xlfn.LET(_xlpm.m,IF($O23<>"",$O23,$J23),_xlpm.p,IF($P23<>"",$P23,IF($K23="","待定",$K23)),_xlpm.title,IF($L23<>"",$L23,$G23),_xlfn.TEXTJOIN("；",TRUE,IF(_xlpm.title="","缺少标题",""),IF(_xlpm.m="","缺少排程分钟",IF(NOT(ISNUMBER(_xlpm.m)),"排程分钟无效","")),IF(_xlpm.p="待定","负责人待定",""),IF(AND($A23>1,$F23=""),"前序排程中断","")))) -> 负责人待定 | R23: =IF($B23="","",IF(OR($F23="",IF($O23<>"",NOT(ISNUMBER($O23)),NOT(ISNUMBER($J23)))),"",$F23+IF($O23<>"",$O23,$J23)/1440)) -> 0.87638889 | S23: =IF($B23="",0,1) -> 1
A24: 21 | B24: {=IF(操作台!$B$4="议程模板",_xlfn.LET(_xlpm.v,IFERROR(INDEX(_xlfn._xlws.FILTER(模板库!$D$2:$D$1000,(模板库!$B$2:$B$1000=操作台!$F$4)*(模板库!$E$2:$E$1000="item")),21),""),IF(OR(_xlpm.v="",_xlpm.v=0),"",_xlpm.v)),IF(操作台!$B$4="接龙导入",IFERROR(INDEX(计算区!$F$5:$F$25,21),""),IF(COUNTA($L24:$P24)>0,"manual-"&TEXT($A24,"00"),"")))} -> i-grammar-report | C24: {=IF(操作台!$B$4="议程模板",_xlfn.LET(_xlpm.v,IFERROR(INDEX(_xlfn._xlws.FILTER(模板库!$F$2:$F$1000,(模板库!$B$2:$B$1000=操作台!$F$4)*(模板库!$E$2:$E$1000="item")),21),""),IF(OR(_xlpm.v="",_xlpm.v=0),"",_xlpm.v)),IF(操作台!$B$4="接龙导入",IFERROR(INDEX(计算区!$G$5:$G$25,21),""),IF(COUNTA($L24:$P24)>0,1,"")))} -> 4 | D24: {=IF(操作台!$B$4="议程模板",_xlfn.LET(_xlpm.v,IFERROR(INDEX(_xlfn._xlws.FILTER(模板库!$G$2:$G$1000,(模板库!$B$2:$B$1000=操作台!$F$4)*(模板库!$E$2:$E$1000="item")),21),""),IF(OR(_xlpm.v="",_xlpm.v=0),"",_xlpm.v)),IF(操作台!$B$4="接龙导入",IFERROR(INDEX(计算区!$H$5:$H$25,21),""),IF(COUNTA($L24:$P24)>0,"手工议程","")))} -> 茶歇&会议反馈环节 | E24: {=IF(操作台!$B$4="议程模板",_xlfn.LET(_xlpm.v,IFERROR(INDEX(_xlfn._xlws.FILTER(模板库!$M$2:$M$1000,(模板库!$B$2:$B$1000=操作台!$F$4)*(模板库!$E$2:$E$1000="item")),21),""),IF(OR(_xlpm.v="",_xlpm.v=0),"",_xlpm.v)),IF(操作台!$B$4="接龙导入",IFERROR(INDEX(计算区!$N$5:$N$25,21),""),IF(COUNTA($L24:$P24)>0,"plain","")))} -> plain | F24: =IF($B24="","",IF(COUNTIF($Q$4:$Q23,"*排程*")>0,"",IF(COUNTIF($B$4:$B23,"<>")=0,IF(操作台!$B$4="接龙导入",IF(计算区!$E$7<>"",计算区!$E$7,操作台!$F$10),操作台!$F$10),MAX($R$4:$R23)))) -> 0.87638889 | G24: {=IF(操作台!$B$4="议程模板",_xlfn.LET(_xlpm.v,IFERROR(INDEX(_xlfn._xlws.FILTER(模板库!$H$2:$H$1000,(模板库!$B$2:$B$1000=操作台!$F$4)*(模板库!$E$2:$E$1000="item")),21),""),IF(OR(_xlpm.v="",_xlpm.v=0),"",_xlpm.v)),IF(操作台!$B$4="接龙导入",IFERROR(INDEX(计算区!$I$5:$I$25,21),""),""))} -> 语法官报告 | H24: {=IF(操作台!$B$4="议程模板",_xlfn.LET(_xlpm.v,IFERROR(INDEX(_xlfn._xlws.FILTER(模板库!$I$2:$I$1000,(模板库!$B$2:$B$1000=操作台!$F$4)*(模板库!$E$2:$E$1000="item")),21),""),IF(OR(_xlpm.v="",_xlpm.v=0),"",_xlpm.v)),IF(操作台!$B$4="接龙导入","",""))} | I24: {=IF(操作台!$B$4="议程模板",_xlfn.LET(_xlpm.v,IFERROR(INDEX(_xlfn._xlws.FILTER(模板库!$J$2:$J$1000,(模板库!$B$2:$B$1000=操作台!$F$4)*(模板库!$E$2:$E$1000="item")),21),""),IF(OR(_xlpm.v="",_xlpm.v=0),"",_xlpm.v)),IF(操作台!$B$4="接龙导入",IFERROR(INDEX(计算区!$J$5:$J$25,21),""),""))} -> 3 | J24: {=IF(操作台!$B$4="议程模板",_xlfn.LET(_xlpm.v,IFERROR(INDEX(_xlfn._xlws.FILTER(模板库!$K$2:$K$1000,(模板库!$B$2:$B$1000=操作台!$F$4)*(模板库!$E$2:$E$1000="item")),21),""),IF(OR(_xlpm.v="",_xlpm.v=0),"",_xlpm.v)),IF(操作台!$B$4="接龙导入",IFERROR(INDEX(计算区!$K$5:$K$25,21),""),""))} -> 3 | K24: {=IF(操作台!$B$4="议程模板",_xlfn.LET(_xlpm.v,IFERROR(INDEX(_xlfn._xlws.FILTER(模板库!$L$2:$L$1000,(模板库!$B$2:$B$1000=操作台!$F$4)*(模板库!$E$2:$E$1000="item")),21),""),IF(OR(_xlpm.v="",_xlpm.v=0),"",_xlpm.v)),IF(操作台!$B$4="接龙导入",IFERROR(INDEX(计算区!$M$5:$M$25,21),""),""))} | Q24: =IF($B24="","",_xlfn.LET(_xlpm.m,IF($O24<>"",$O24,$J24),_xlpm.p,IF($P24<>"",$P24,IF($K24="","待定",$K24)),_xlpm.title,IF($L24<>"",$L24,$G24),_xlfn.TEXTJOIN("；",TRUE,IF(_xlpm.title="","缺少标题",""),IF(_xlpm.m="","缺少排程分钟",IF(NOT(ISNUMBER(_xlpm.m)),"排程分钟无效","")),IF(_xlpm.p="待定","负责人待定",""),IF(AND($A24>1,$F24=""),"前序排程中断","")))) -> 负责人待定 | R24: =IF($B24="","",IF(OR($F24="",IF($O24<>"",NOT(ISNUMBER($O24)),NOT(ISNUMBER($J24)))),"",$F24+IF($O24<>"",$O24,$J24)/1440)) -> 0.87847222 | S24: =IF($B24="",0,1) -> 1
A25: 22 | B25: {=IF(操作台!$B$4="议程模板",_xlfn.LET(_xlpm.v,IFERROR(INDEX(_xlfn._xlws.FILTER(模板库!$D$2:$D$1000,(模板库!$B$2:$B$1000=操作台!$F$4)*(模板库!$E$2:$E$1000="item")),22),""),IF(OR(_xlpm.v="",_xlpm.v=0),"",_xlpm.v)),IF(操作台!$B$4="接龙导入",IFERROR(INDEX(计算区!$F$5:$F$25,22),""),IF(COUNTA($L25:$P25)>0,"manual-"&TEXT($A25,"00"),"")))} -> i-ah-report | C25: {=IF(操作台!$B$4="议程模板",_xlfn.LET(_xlpm.v,IFERROR(INDEX(_xlfn._xlws.FILTER(模板库!$F$2:$F$1000,(模板库!$B$2:$B$1000=操作台!$F$4)*(模板库!$E$2:$E$1000="item")),22),""),IF(OR(_xlpm.v="",_xlpm.v=0),"",_xlpm.v)),IF(操作台!$B$4="接龙导入",IFERROR(INDEX(计算区!$G$5:$G$25,22),""),IF(COUNTA($L25:$P25)>0,1,"")))} -> 4 | D25: {=IF(操作台!$B$4="议程模板",_xlfn.LET(_xlpm.v,IFERROR(INDEX(_xlfn._xlws.FILTER(模板库!$G$2:$G$1000,(模板库!$B$2:$B$1000=操作台!$F$4)*(模板库!$E$2:$E$1000="item")),22),""),IF(OR(_xlpm.v="",_xlpm.v=0),"",_xlpm.v)),IF(操作台!$B$4="接龙导入",IFERROR(INDEX(计算区!$H$5:$H$25,22),""),IF(COUNTA($L25:$P25)>0,"手工议程","")))} -> 茶歇&会议反馈环节 | E25: {=IF(操作台!$B$4="议程模板",_xlfn.LET(_xlpm.v,IFERROR(INDEX(_xlfn._xlws.FILTER(模板库!$M$2:$M$1000,(模板库!$B$2:$B$1000=操作台!$F$4)*(模板库!$E$2:$E$1000="item")),22),""),IF(OR(_xlpm.v="",_xlpm.v=0),"",_xlpm.v)),IF(操作台!$B$4="接龙导入",IFERROR(INDEX(计算区!$N$5:$N$25,22),""),IF(COUNTA($L25:$P25)>0,"plain","")))} -> plain | F25: =IF($B25="","",IF(COUNTIF($Q$4:$Q24,"*排程*")>0,"",IF(COUNTIF($B$4:$B24,"<>")=0,IF(操作台!$B$4="接龙导入",IF(计算区!$E$7<>"",计算区!$E$7,操作台!$F$10),操作台!$F$10),MAX($R$4:$R24)))) -> 0.87847222 | G25: {=IF(操作台!$B$4="议程模板",_xlfn.LET(_xlpm.v,IFERROR(INDEX(_xlfn._xlws.FILTER(模板库!$H$2:$H$1000,(模板库!$B$2:$B$1000=操作台!$F$4)*(模板库!$E$2:$E$1000="item")),22),""),IF(OR(_xlpm.v="",_xlpm.v=0),"",_xlpm.v)),IF(操作台!$B$4="接龙导入",IFERROR(INDEX(计算区!$I$5:$I$25,22),""),""))} -> 哼哈官报告 | H25: {=IF(操作台!$B$4="议程模板",_xlfn.LET(_xlpm.v,IFERROR(INDEX(_xlfn._xlws.FILTER(模板库!$I$2:$I$1000,(模板库!$B$2:$B$1000=操作台!$F$4)*(模板库!$E$2:$E$1000="item")),22),""),IF(OR(_xlpm.v="",_xlpm.v=0),"",_xlpm.v)),IF(操作台!$B$4="接龙导入","",""))} | I25: {=IF(操作台!$B$4="议程模板",_xlfn.LET(_xlpm.v,IFERROR(INDEX(_xlfn._xlws.FILTER(模板库!$J$2:$J$1000,(模板库!$B$2:$B$1000=操作台!$F$4)*(模板库!$E$2:$E$1000="item")),22),""),IF(OR(_xlpm.v="",_xlpm.v=0),"",_xlpm.v)),IF(操作台!$B$4="接龙导入",IFERROR(INDEX(计算区!$J$5:$J$25,22),""),""))} -> 3 | J25: {=IF(操作台!$B$4="议程模板",_xlfn.LET(_xlpm.v,IFERROR(INDEX(_xlfn._xlws.FILTER(模板库!$K$2:$K$1000,(模板库!$B$2:$B$1000=操作台!$F$4)*(模板库!$E$2:$E$1000="item")),22),""),IF(OR(_xlpm.v="",_xlpm.v=0),"",_xlpm.v)),IF(操作台!$B$4="接龙导入",IFERROR(INDEX(计算区!$K$5:$K$25,22),""),""))} -> 3 | K25: {=IF(操作台!$B$4="议程模板",_xlfn.LET(_xlpm.v,IFERROR(INDEX(_xlfn._xlws.FILTER(模板库!$L$2:$L$1000,(模板库!$B$2:$B$1000=操作台!$F$4)*(模板库!$E$2:$E$1000="item")),22),""),IF(OR(_xlpm.v="",_xlpm.v=0),"",_xlpm.v)),IF(操作台!$B$4="接龙导入",IFERROR(INDEX(计算区!$M$5:$M$25,22),""),""))} | Q25: =IF($B25="","",_xlfn.LET(_xlpm.m,IF($O25<>"",$O25,$J25),_xlpm.p,IF($P25<>"",$P25,IF($K25="","待定",$K25)),_xlpm.title,IF($L25<>"",$L25,$G25),_xlfn.TEXTJOIN("；",TRUE,IF(_xlpm.title="","缺少标题",""),IF(_xlpm.m="","缺少排程分钟",IF(NOT(ISNUMBER(_xlpm.m)),"排程分钟无效","")),IF(_xlpm.p="待定","负责人待定",""),IF(AND($A25>1,$F25=""),"前序排程中断","")))) -> 负责人待定 | R25: =IF($B25="","",IF(OR($F25="",IF($O25<>"",NOT(ISNUMBER($O25)),NOT(ISNUMBER($J25)))),"",$F25+IF($O25<>"",$O25,$J25)/1440)) -> 0.88055556 | S25: =IF($B25="",0,1) -> 1
A26: 23 | B26: {=IF(操作台!$B$4="议程模板",_xlfn.LET(_xlpm.v,IFERROR(INDEX(_xlfn._xlws.FILTER(模板库!$D$2:$D$1000,(模板库!$B$2:$B$1000=操作台!$F$4)*(模板库!$E$2:$E$1000="item")),23),""),IF(OR(_xlpm.v="",_xlpm.v=0),"",_xlpm.v)),IF(操作台!$B$4="接龙导入",IFERROR(INDEX(计算区!$F$5:$F$25,23),""),IF(COUNTA($L26:$P26)>0,"manual-"&TEXT($A26,"00"),"")))} -> i-timer-report | C26: {=IF(操作台!$B$4="议程模板",_xlfn.LET(_xlpm.v,IFERROR(INDEX(_xlfn._xlws.FILTER(模板库!$F$2:$F$1000,(模板库!$B$2:$B$1000=操作台!$F$4)*(模板库!$E$2:$E$1000="item")),23),""),IF(OR(_xlpm.v="",_xlpm.v=0),"",_xlpm.v)),IF(操作台!$B$4="接龙导入",IFERROR(INDEX(计算区!$G$5:$G$25,23),""),IF(COUNTA($L26:$P26)>0,1,"")))} -> 4 | D26: {=IF(操作台!$B$4="议程模板",_xlfn.LET(_xlpm.v,IFERROR(INDEX(_xlfn._xlws.FILTER(模板库!$G$2:$G$1000,(模板库!$B$2:$B$1000=操作台!$F$4)*(模板库!$E$2:$E$1000="item")),23),""),IF(OR(_xlpm.v="",_xlpm.v=0),"",_xlpm.v)),IF(操作台!$B$4="接龙导入",IFERROR(INDEX(计算区!$H$5:$H$25,23),""),IF(COUNTA($L26:$P26)>0,"手工议程","")))} -> 茶歇&会议反馈环节 | E26: {=IF(操作台!$B$4="议程模板",_xlfn.LET(_xlpm.v,IFERROR(INDEX(_xlfn._xlws.FILTER(模板库!$M$2:$M$1000,(模板库!$B$2:$B$1000=操作台!$F$4)*(模板库!$E$2:$E$1000="item")),23),""),IF(OR(_xlpm.v="",_xlpm.v=0),"",_xlpm.v)),IF(操作台!$B$4="接龙导入",IFERROR(INDEX(计算区!$N$5:$N$25,23),""),IF(COUNTA($L26:$P26)>0,"plain","")))} -> plain | F26: =IF($B26="","",IF(COUNTIF($Q$4:$Q25,"*排程*")>0,"",IF(COUNTIF($B$4:$B25,"<>")=0,IF(操作台!$B$4="接龙导入",IF(计算区!$E$7<>"",计算区!$E$7,操作台!$F$10),操作台!$F$10),MAX($R$4:$R25)))) -> 0.88055556 | G26: {=IF(操作台!$B$4="议程模板",_xlfn.LET(_xlpm.v,IFERROR(INDEX(_xlfn._xlws.FILTER(模板库!$H$2:$H$1000,(模板库!$B$2:$B$1000=操作台!$F$4)*(模板库!$E$2:$E$1000="item")),23),""),IF(OR(_xlpm.v="",_xlpm.v=0),"",_xlpm.v)),IF(操作台!$B$4="接龙导入",IFERROR(INDEX(计算区!$I$5:$I$25,23),""),""))} -> 时间官报告 | H26: {=IF(操作台!$B$4="议程模板",_xlfn.LET(_xlpm.v,IFERROR(INDEX(_xlfn._xlws.FILTER(模板库!$I$2:$I$1000,(模板库!$B$2:$B$1000=操作台!$F$4)*(模板库!$E$2:$E$1000="item")),23),""),IF(OR(_xlpm.v="",_xlpm.v=0),"",_xlpm.v)),IF(操作台!$B$4="接龙导入","",""))} | I26: {=IF(操作台!$B$4="议程模板",_xlfn.LET(_xlpm.v,IFERROR(INDEX(_xlfn._xlws.FILTER(模板库!$J$2:$J$1000,(模板库!$B$2:$B$1000=操作台!$F$4)*(模板库!$E$2:$E$1000="item")),23),""),IF(OR(_xlpm.v="",_xlpm.v=0),"",_xlpm.v)),IF(操作台!$B$4="接龙导入",IFERROR(INDEX(计算区!$J$5:$J$25,23),""),""))} -> 3 | J26: {=IF(操作台!$B$4="议程模板",_xlfn.LET(_xlpm.v,IFERROR(INDEX(_xlfn._xlws.FILTER(模板库!$K$2:$K$1000,(模板库!$B$2:$B$1000=操作台!$F$4)*(模板库!$E$2:$E$1000="item")),23),""),IF(OR(_xlpm.v="",_xlpm.v=0),"",_xlpm.v)),IF(操作台!$B$4="接龙导入",IFERROR(INDEX(计算区!$K$5:$K$25,23),""),""))} -> 3 | K26: {=IF(操作台!$B$4="议程模板",_xlfn.LET(_xlpm.v,IFERROR(INDEX(_xlfn._xlws.FILTER(模板库!$L$2:$L$1000,(模板库!$B$2:$B$1000=操作台!$F$4)*(模板库!$E$2:$E$1000="item")),23),""),IF(OR(_xlpm.v="",_xlpm.v=0),"",_xlpm.v)),IF(操作台!$B$4="接龙导入",IFERROR(INDEX(计算区!$M$5:$M$25,23),""),""))} | Q26: =IF($B26="","",_xlfn.LET(_xlpm.m,IF($O26<>"",$O26,$J26),_xlpm.p,IF($P26<>"",$P26,IF($K26="","待定",$K26)),_xlpm.title,IF($L26<>"",$L26,$G26),_xlfn.TEXTJOIN("；",TRUE,IF(_xlpm.title="","缺少标题",""),IF(_xlpm.m="","缺少排程分钟",IF(NOT(ISNUMBER(_xlpm.m)),"排程分钟无效","")),IF(_xlpm.p="待定","负责人待定",""),IF(AND($A26>1,$F26=""),"前序排程中断","")))) -> 负责人待定 | R26: =IF($B26="","",IF(OR($F26="",IF($O26<>"",NOT(ISNUMBER($O26)),NOT(ISNUMBER($J26)))),"",$F26+IF($O26<>"",$O26,$J26)/1440)) -> 0.88263889 | S26: =IF($B26="",0,1) -> 1
A27: 24 | B27: {=IF(操作台!$B$4="议程模板",_xlfn.LET(_xlpm.v,IFERROR(INDEX(_xlfn._xlws.FILTER(模板库!$D$2:$D$1000,(模板库!$B$2:$B$1000=操作台!$F$4)*(模板库!$E$2:$E$1000="item")),24),""),IF(OR(_xlpm.v="",_xlpm.v=0),"",_xlpm.v)),IF(操作台!$B$4="接龙导入",IFERROR(INDEX(计算区!$F$5:$F$25,24),""),IF(COUNTA($L27:$P27)>0,"manual-"&TEXT($A27,"00"),"")))} -> i-vote | C27: {=IF(操作台!$B$4="议程模板",_xlfn.LET(_xlpm.v,IFERROR(INDEX(_xlfn._xlws.FILTER(模板库!$F$2:$F$1000,(模板库!$B$2:$B$1000=操作台!$F$4)*(模板库!$E$2:$E$1000="item")),24),""),IF(OR(_xlpm.v="",_xlpm.v=0),"",_xlpm.v)),IF(操作台!$B$4="接龙导入",IFERROR(INDEX(计算区!$G$5:$G$25,24),""),IF(COUNTA($L27:$P27)>0,1,"")))} -> 4 | D27: {=IF(操作台!$B$4="议程模板",_xlfn.LET(_xlpm.v,IFERROR(INDEX(_xlfn._xlws.FILTER(模板库!$G$2:$G$1000,(模板库!$B$2:$B$1000=操作台!$F$4)*(模板库!$E$2:$E$1000="item")),24),""),IF(OR(_xlpm.v="",_xlpm.v=0),"",_xlpm.v)),IF(操作台!$B$4="接龙导入",IFERROR(INDEX(计算区!$H$5:$H$25,24),""),IF(COUNTA($L27:$P27)>0,"手工议程","")))} -> 茶歇&会议反馈环节 | E27: {=IF(操作台!$B$4="议程模板",_xlfn.LET(_xlpm.v,IFERROR(INDEX(_xlfn._xlws.FILTER(模板库!$M$2:$M$1000,(模板库!$B$2:$B$1000=操作台!$F$4)*(模板库!$E$2:$E$1000="item")),24),""),IF(OR(_xlpm.v="",_xlpm.v=0),"",_xlpm.v)),IF(操作台!$B$4="接龙导入",IFERROR(INDEX(计算区!$N$5:$N$25,24),""),IF(COUNTA($L27:$P27)>0,"plain","")))} -> plain | F27: =IF($B27="","",IF(COUNTIF($Q$4:$Q26,"*排程*")>0,"",IF(COUNTIF($B$4:$B26,"<>")=0,IF(操作台!$B$4="接龙导入",IF(计算区!$E$7<>"",计算区!$E$7,操作台!$F$10),操作台!$F$10),MAX($R$4:$R26)))) -> 0.88263889 | G27: {=IF(操作台!$B$4="议程模板",_xlfn.LET(_xlpm.v,IFERROR(INDEX(_xlfn._xlws.FILTER(模板库!$H$2:$H$1000,(模板库!$B$2:$B$1000=操作台!$F$4)*(模板库!$E$2:$E$1000="item")),24),""),IF(OR(_xlpm.v="",_xlpm.v=0),"",_xlpm.v)),IF(操作台!$B$4="接龙导入",IFERROR(INDEX(计算区!$I$5:$I$25,24),""),""))} -> 电子投票 | H27: {=IF(操作台!$B$4="议程模板",_xlfn.LET(_xlpm.v,IFERROR(INDEX(_xlfn._xlws.FILTER(模板库!$I$2:$I$1000,(模板库!$B$2:$B$1000=操作台!$F$4)*(模板库!$E$2:$E$1000="item")),24),""),IF(OR(_xlpm.v="",_xlpm.v=0),"",_xlpm.v)),IF(操作台!$B$4="接龙导入","",""))} | I27: {=IF(操作台!$B$4="议程模板",_xlfn.LET(_xlpm.v,IFERROR(INDEX(_xlfn._xlws.FILTER(模板库!$J$2:$J$1000,(模板库!$B$2:$B$1000=操作台!$F$4)*(模板库!$E$2:$E$1000="item")),24),""),IF(OR(_xlpm.v="",_xlpm.v=0),"",_xlpm.v)),IF(操作台!$B$4="接龙导入",IFERROR(INDEX(计算区!$J$5:$J$25,24),""),""))} -> 1 | J27: {=IF(操作台!$B$4="议程模板",_xlfn.LET(_xlpm.v,IFERROR(INDEX(_xlfn._xlws.FILTER(模板库!$K$2:$K$1000,(模板库!$B$2:$B$1000=操作台!$F$4)*(模板库!$E$2:$E$1000="item")),24),""),IF(OR(_xlpm.v="",_xlpm.v=0),"",_xlpm.v)),IF(操作台!$B$4="接龙导入",IFERROR(INDEX(计算区!$K$5:$K$25,24),""),""))} -> 1 | K27: {=IF(操作台!$B$4="议程模板",_xlfn.LET(_xlpm.v,IFERROR(INDEX(_xlfn._xlws.FILTER(模板库!$L$2:$L$1000,(模板库!$B$2:$B$1000=操作台!$F$4)*(模板库!$E$2:$E$1000="item")),24),""),IF(OR(_xlpm.v="",_xlpm.v=0),"",_xlpm.v)),IF(操作台!$B$4="接龙导入",IFERROR(INDEX(计算区!$M$5:$M$25,24),""),""))} | Q27: =IF($B27="","",_xlfn.LET(_xlpm.m,IF($O27<>"",$O27,$J27),_xlpm.p,IF($P27<>"",$P27,IF($K27="","待定",$K27)),_xlpm.title,IF($L27<>"",$L27,$G27),_xlfn.TEXTJOIN("；",TRUE,IF(_xlpm.title="","缺少标题",""),IF(_xlpm.m="","缺少排程分钟",IF(NOT(ISNUMBER(_xlpm.m)),"排程分钟无效","")),IF(_xlpm.p="待定","负责人待定",""),IF(AND($A27>1,$F27=""),"前序排程中断","")))) -> 负责人待定 | R27: =IF($B27="","",IF(OR($F27="",IF($O27<>"",NOT(ISNUMBER($O27)),NOT(ISNUMBER($J27)))),"",$F27+IF($O27<>"",$O27,$J27)/1440)) -> 0.88333333 | S27: =IF($B27="",0,1) -> 1
A28: 25 | B28: {=IF(操作台!$B$4="议程模板",_xlfn.LET(_xlpm.v,IFERROR(INDEX(_xlfn._xlws.FILTER(模板库!$D$2:$D$1000,(模板库!$B$2:$B$1000=操作台!$F$4)*(模板库!$E$2:$E$1000="item")),25),""),IF(OR(_xlpm.v="",_xlpm.v=0),"",_xlpm.v)),IF(操作台!$B$4="接龙导入",IFERROR(INDEX(计算区!$F$5:$F$25,25),""),IF(COUNTA($L28:$P28)>0,"manual-"&TEXT($A28,"00"),"")))} -> i-general-eval | C28: {=IF(操作台!$B$4="议程模板",_xlfn.LET(_xlpm.v,IFERROR(INDEX(_xlfn._xlws.FILTER(模板库!$F$2:$F$1000,(模板库!$B$2:$B$1000=操作台!$F$4)*(模板库!$E$2:$E$1000="item")),25),""),IF(OR(_xlpm.v="",_xlpm.v=0),"",_xlpm.v)),IF(操作台!$B$4="接龙导入",IFERROR(INDEX(计算区!$G$5:$G$25,25),""),IF(COUNTA($L28:$P28)>0,1,"")))} -> 4 | D28: {=IF(操作台!$B$4="议程模板",_xlfn.LET(_xlpm.v,IFERROR(INDEX(_xlfn._xlws.FILTER(模板库!$G$2:$G$1000,(模板库!$B$2:$B$1000=操作台!$F$4)*(模板库!$E$2:$E$1000="item")),25),""),IF(OR(_xlpm.v="",_xlpm.v=0),"",_xlpm.v)),IF(操作台!$B$4="接龙导入",IFERROR(INDEX(计算区!$H$5:$H$25,25),""),IF(COUNTA($L28:$P28)>0,"手工议程","")))} -> 茶歇&会议反馈环节 | E28: {=IF(操作台!$B$4="议程模板",_xlfn.LET(_xlpm.v,IFERROR(INDEX(_xlfn._xlws.FILTER(模板库!$M$2:$M$1000,(模板库!$B$2:$B$1000=操作台!$F$4)*(模板库!$E$2:$E$1000="item")),25),""),IF(OR(_xlpm.v="",_xlpm.v=0),"",_xlpm.v)),IF(操作台!$B$4="接龙导入",IFERROR(INDEX(计算区!$N$5:$N$25,25),""),IF(COUNTA($L28:$P28)>0,"plain","")))} -> plain | F28: =IF($B28="","",IF(COUNTIF($Q$4:$Q27,"*排程*")>0,"",IF(COUNTIF($B$4:$B27,"<>")=0,IF(操作台!$B$4="接龙导入",IF(计算区!$E$7<>"",计算区!$E$7,操作台!$F$10),操作台!$F$10),MAX($R$4:$R27)))) -> 0.88333333 | G28: {=IF(操作台!$B$4="议程模板",_xlfn.LET(_xlpm.v,IFERROR(INDEX(_xlfn._xlws.FILTER(模板库!$H$2:$H$1000,(模板库!$B$2:$B$1000=操作台!$F$4)*(模板库!$E$2:$E$1000="item")),25),""),IF(OR(_xlpm.v="",_xlpm.v=0),"",_xlpm.v)),IF(操作台!$B$4="接龙导入",IFERROR(INDEX(计算区!$I$5:$I$25,25),""),""))} -> 总点评 | H28: {=IF(操作台!$B$4="议程模板",_xlfn.LET(_xlpm.v,IFERROR(INDEX(_xlfn._xlws.FILTER(模板库!$I$2:$I$1000,(模板库!$B$2:$B$1000=操作台!$F$4)*(模板库!$E$2:$E$1000="item")),25),""),IF(OR(_xlpm.v="",_xlpm.v=0),"",_xlpm.v)),IF(操作台!$B$4="接龙导入","",""))} | I28: {=IF(操作台!$B$4="议程模板",_xlfn.LET(_xlpm.v,IFERROR(INDEX(_xlfn._xlws.FILTER(模板库!$J$2:$J$1000,(模板库!$B$2:$B$1000=操作台!$F$4)*(模板库!$E$2:$E$1000="item")),25),""),IF(OR(_xlpm.v="",_xlpm.v=0),"",_xlpm.v)),IF(操作台!$B$4="接龙导入",IFERROR(INDEX(计算区!$J$5:$J$25,25),""),""))} -> 8 | J28: {=IF(操作台!$B$4="议程模板",_xlfn.LET(_xlpm.v,IFERROR(INDEX(_xlfn._xlws.FILTER(模板库!$K$2:$K$1000,(模板库!$B$2:$B$1000=操作台!$F$4)*(模板库!$E$2:$E$1000="item")),25),""),IF(OR(_xlpm.v="",_xlpm.v=0),"",_xlpm.v)),IF(操作台!$B$4="接龙导入",IFERROR(INDEX(计算区!$K$5:$K$25,25),""),""))} -> 8 | K28: {=IF(操作台!$B$4="议程模板",_xlfn.LET(_xlpm.v,IFERROR(INDEX(_xlfn._xlws.FILTER(模板库!$L$2:$L$1000,(模板库!$B$2:$B$1000=操作台!$F$4)*(模板库!$E$2:$E$1000="item")),25),""),IF(OR(_xlpm.v="",_xlpm.v=0),"",_xlpm.v)),IF(操作台!$B$4="接龙导入",IFERROR(INDEX(计算区!$M$5:$M$25,25),""),""))} | Q28: =IF($B28="","",_xlfn.LET(_xlpm.m,IF($O28<>"",$O28,$J28),_xlpm.p,IF($P28<>"",$P28,IF($K28="","待定",$K28)),_xlpm.title,IF($L28<>"",$L28,$G28),_xlfn.TEXTJOIN("；",TRUE,IF(_xlpm.title="","缺少标题",""),IF(_xlpm.m="","缺少排程分钟",IF(NOT(ISNUMBER(_xlpm.m)),"排程分钟无效","")),IF(_xlpm.p="待定","负责人待定",""),IF(AND($A28>1,$F28=""),"前序排程中断","")))) -> 负责人待定 | R28: =IF($B28="","",IF(OR($F28="",IF($O28<>"",NOT(ISNUMBER($O28)),NOT(ISNUMBER($J28)))),"",$F28+IF($O28<>"",$O28,$J28)/1440)) -> 0.88888889 | S28: =IF($B28="",0,1) -> 1
A29: 26 | B29: {=IF(操作台!$B$4="议程模板",_xlfn.LET(_xlpm.v,IFERROR(INDEX(_xlfn._xlws.FILTER(模板库!$D$2:$D$1000,(模板库!$B$2:$B$1000=操作台!$F$4)*(模板库!$E$2:$E$1000="item")),26),""),IF(OR(_xlpm.v="",_xlpm.v=0),"",_xlpm.v)),IF(操作台!$B$4="接龙导入",IFERROR(INDEX(计算区!$F$5:$F$25,26),""),IF(COUNTA($L29:$P29)>0,"manual-"&TEXT($A29,"00"),"")))} -> i-award | C29: {=IF(操作台!$B$4="议程模板",_xlfn.LET(_xlpm.v,IFERROR(INDEX(_xlfn._xlws.FILTER(模板库!$F$2:$F$1000,(模板库!$B$2:$B$1000=操作台!$F$4)*(模板库!$E$2:$E$1000="item")),26),""),IF(OR(_xlpm.v="",_xlpm.v=0),"",_xlpm.v)),IF(操作台!$B$4="接龙导入",IFERROR(INDEX(计算区!$G$5:$G$25,26),""),IF(COUNTA($L29:$P29)>0,1,"")))} -> 5 | D29: {=IF(操作台!$B$4="议程模板",_xlfn.LET(_xlpm.v,IFERROR(INDEX(_xlfn._xlws.FILTER(模板库!$G$2:$G$1000,(模板库!$B$2:$B$1000=操作台!$F$4)*(模板库!$E$2:$E$1000="item")),26),""),IF(OR(_xlpm.v="",_xlpm.v=0),"",_xlpm.v)),IF(操作台!$B$4="接龙导入",IFERROR(INDEX(计算区!$H$5:$H$25,26),""),IF(COUNTA($L29:$P29)>0,"手工议程","")))} -> 分享环节 | E29: {=IF(操作台!$B$4="议程模板",_xlfn.LET(_xlpm.v,IFERROR(INDEX(_xlfn._xlws.FILTER(模板库!$M$2:$M$1000,(模板库!$B$2:$B$1000=操作台!$F$4)*(模板库!$E$2:$E$1000="item")),26),""),IF(OR(_xlpm.v="",_xlpm.v=0),"",_xlpm.v)),IF(操作台!$B$4="接龙导入",IFERROR(INDEX(计算区!$N$5:$N$25,26),""),IF(COUNTA($L29:$P29)>0,"plain","")))} -> plain | F29: =IF($B29="","",IF(COUNTIF($Q$4:$Q28,"*排程*")>0,"",IF(COUNTIF($B$4:$B28,"<>")=0,IF(操作台!$B$4="接龙导入",IF(计算区!$E$7<>"",计算区!$E$7,操作台!$F$10),操作台!$F$10),MAX($R$4:$R28)))) -> 0.88888889 | G29: {=IF(操作台!$B$4="议程模板",_xlfn.LET(_xlpm.v,IFERROR(INDEX(_xlfn._xlws.FILTER(模板库!$H$2:$H$1000,(模板库!$B$2:$B$1000=操作台!$F$4)*(模板库!$E$2:$E$1000="item")),26),""),IF(OR(_xlpm.v="",_xlpm.v=0),"",_xlpm.v)),IF(操作台!$B$4="接龙导入",IFERROR(INDEX(计算区!$I$5:$I$25,26),""),""))} -> 颁奖&真情分享 | H29: {=IF(操作台!$B$4="议程模板",_xlfn.LET(_xlpm.v,IFERROR(INDEX(_xlfn._xlws.FILTER(模板库!$I$2:$I$1000,(模板库!$B$2:$B$1000=操作台!$F$4)*(模板库!$E$2:$E$1000="item")),26),""),IF(OR(_xlpm.v="",_xlpm.v=0),"",_xlpm.v)),IF(操作台!$B$4="接龙导入","",""))} | I29: {=IF(操作台!$B$4="议程模板",_xlfn.LET(_xlpm.v,IFERROR(INDEX(_xlfn._xlws.FILTER(模板库!$J$2:$J$1000,(模板库!$B$2:$B$1000=操作台!$F$4)*(模板库!$E$2:$E$1000="item")),26),""),IF(OR(_xlpm.v="",_xlpm.v=0),"",_xlpm.v)),IF(操作台!$B$4="接龙导入",IFERROR(INDEX(计算区!$J$5:$J$25,26),""),""))} -> 5 | J29: {=IF(操作台!$B$4="议程模板",_xlfn.LET(_xlpm.v,IFERROR(INDEX(_xlfn._xlws.FILTER(模板库!$K$2:$K$1000,(模板库!$B$2:$B$1000=操作台!$F$4)*(模板库!$E$2:$E$1000="item")),26),""),IF(OR(_xlpm.v="",_xlpm.v=0),"",_xlpm.v)),IF(操作台!$B$4="接龙导入",IFERROR(INDEX(计算区!$K$5:$K$25,26),""),""))} -> 5 | K29: {=IF(操作台!$B$4="议程模板",_xlfn.LET(_xlpm.v,IFERROR(INDEX(_xlfn._xlws.FILTER(模板库!$L$2:$L$1000,(模板库!$B$2:$B$1000=操作台!$F$4)*(模板库!$E$2:$E$1000="item")),26),""),IF(OR(_xlpm.v="",_xlpm.v=0),"",_xlpm.v)),IF(操作台!$B$4="接龙导入",IFERROR(INDEX(计算区!$M$5:$M$25,26),""),""))} | Q29: =IF($B29="","",_xlfn.LET(_xlpm.m,IF($O29<>"",$O29,$J29),_xlpm.p,IF($P29<>"",$P29,IF($K29="","待定",$K29)),_xlpm.title,IF($L29<>"",$L29,$G29),_xlfn.TEXTJOIN("；",TRUE,IF(_xlpm.title="","缺少标题",""),IF(_xlpm.m="","缺少排程分钟",IF(NOT(ISNUMBER(_xlpm.m)),"排程分钟无效","")),IF(_xlpm.p="待定","负责人待定",""),IF(AND($A29>1,$F29=""),"前序排程中断","")))) -> 负责人待定 | R29: =IF($B29="","",IF(OR($F29="",IF($O29<>"",NOT(ISNUMBER($O29)),NOT(ISNUMBER($J29)))),"",$F29+IF($O29<>"",$O29,$J29)/1440)) -> 0.89236111 | S29: =IF($B29="",0,1) -> 1
A30: 27 | B30: {=IF(操作台!$B$4="议程模板",_xlfn.LET(_xlpm.v,IFERROR(INDEX(_xlfn._xlws.FILTER(模板库!$D$2:$D$1000,(模板库!$B$2:$B$1000=操作台!$F$4)*(模板库!$E$2:$E$1000="item")),27),""),IF(OR(_xlpm.v="",_xlpm.v=0),"",_xlpm.v)),IF(操作台!$B$4="接龙导入",IFERROR(INDEX(计算区!$F$5:$F$25,27),""),IF(COUNTA($L30:$P30)>0,"manual-"&TEXT($A30,"00"),"")))} -> i-close | C30: {=IF(操作台!$B$4="议程模板",_xlfn.LET(_xlpm.v,IFERROR(INDEX(_xlfn._xlws.FILTER(模板库!$F$2:$F$1000,(模板库!$B$2:$B$1000=操作台!$F$4)*(模板库!$E$2:$E$1000="item")),27),""),IF(OR(_xlpm.v="",_xlpm.v=0),"",_xlpm.v)),IF(操作台!$B$4="接龙导入",IFERROR(INDEX(计算区!$G$5:$G$25,27),""),IF(COUNTA($L30:$P30)>0,1,"")))} -> 5 | D30: {=IF(操作台!$B$4="议程模板",_xlfn.LET(_xlpm.v,IFERROR(INDEX(_xlfn._xlws.FILTER(模板库!$G$2:$G$1000,(模板库!$B$2:$B$1000=操作台!$F$4)*(模板库!$E$2:$E$1000="item")),27),""),IF(OR(_xlpm.v="",_xlpm.v=0),"",_xlpm.v)),IF(操作台!$B$4="接龙导入",IFERROR(INDEX(计算区!$H$5:$H$25,27),""),IF(COUNTA($L30:$P30)>0,"手工议程","")))} -> 分享环节 | E30: {=IF(操作台!$B$4="议程模板",_xlfn.LET(_xlpm.v,IFERROR(INDEX(_xlfn._xlws.FILTER(模板库!$M$2:$M$1000,(模板库!$B$2:$B$1000=操作台!$F$4)*(模板库!$E$2:$E$1000="item")),27),""),IF(OR(_xlpm.v="",_xlpm.v=0),"",_xlpm.v)),IF(操作台!$B$4="接龙导入",IFERROR(INDEX(计算区!$N$5:$N$25,27),""),IF(COUNTA($L30:$P30)>0,"plain","")))} -> plain | F30: =IF($B30="","",IF(COUNTIF($Q$4:$Q29,"*排程*")>0,"",IF(COUNTIF($B$4:$B29,"<>")=0,IF(操作台!$B$4="接龙导入",IF(计算区!$E$7<>"",计算区!$E$7,操作台!$F$10),操作台!$F$10),MAX($R$4:$R29)))) -> 0.89236111 | G30: {=IF(操作台!$B$4="议程模板",_xlfn.LET(_xlpm.v,IFERROR(INDEX(_xlfn._xlws.FILTER(模板库!$H$2:$H$1000,(模板库!$B$2:$B$1000=操作台!$F$4)*(模板库!$E$2:$E$1000="item")),27),""),IF(OR(_xlpm.v="",_xlpm.v=0),"",_xlpm.v)),IF(操作台!$B$4="接龙导入",IFERROR(INDEX(计算区!$I$5:$I$25,27),""),""))} -> 主席总结本期活动，结束会议 | H30: {=IF(操作台!$B$4="议程模板",_xlfn.LET(_xlpm.v,IFERROR(INDEX(_xlfn._xlws.FILTER(模板库!$I$2:$I$1000,(模板库!$B$2:$B$1000=操作台!$F$4)*(模板库!$E$2:$E$1000="item")),27),""),IF(OR(_xlpm.v="",_xlpm.v=0),"",_xlpm.v)),IF(操作台!$B$4="接龙导入","",""))} | I30: {=IF(操作台!$B$4="议程模板",_xlfn.LET(_xlpm.v,IFERROR(INDEX(_xlfn._xlws.FILTER(模板库!$J$2:$J$1000,(模板库!$B$2:$B$1000=操作台!$F$4)*(模板库!$E$2:$E$1000="item")),27),""),IF(OR(_xlpm.v="",_xlpm.v=0),"",_xlpm.v)),IF(操作台!$B$4="接龙导入",IFERROR(INDEX(计算区!$J$5:$J$25,27),""),""))} -> 1 | J30: {=IF(操作台!$B$4="议程模板",_xlfn.LET(_xlpm.v,IFERROR(INDEX(_xlfn._xlws.FILTER(模板库!$K$2:$K$1000,(模板库!$B$2:$B$1000=操作台!$F$4)*(模板库!$E$2:$E$1000="item")),27),""),IF(OR(_xlpm.v="",_xlpm.v=0),"",_xlpm.v)),IF(操作台!$B$4="接龙导入",IFERROR(INDEX(计算区!$K$5:$K$25,27),""),""))} -> 1 | K30: {=IF(操作台!$B$4="议程模板",_xlfn.LET(_xlpm.v,IFERROR(INDEX(_xlfn._xlws.FILTER(模板库!$L$2:$L$1000,(模板库!$B$2:$B$1000=操作台!$F$4)*(模板库!$E$2:$E$1000="item")),27),""),IF(OR(_xlpm.v="",_xlpm.v=0),"",_xlpm.v)),IF(操作台!$B$4="接龙导入",IFERROR(INDEX(计算区!$M$5:$M$25,27),""),""))} | Q30: =IF($B30="","",_xlfn.LET(_xlpm.m,IF($O30<>"",$O30,$J30),_xlpm.p,IF($P30<>"",$P30,IF($K30="","待定",$K30)),_xlpm.title,IF($L30<>"",$L30,$G30),_xlfn.TEXTJOIN("；",TRUE,IF(_xlpm.title="","缺少标题",""),IF(_xlpm.m="","缺少排程分钟",IF(NOT(ISNUMBER(_xlpm.m)),"排程分钟无效","")),IF(_xlpm.p="待定","负责人待定",""),IF(AND($A30>1,$F30=""),"前序排程中断","")))) -> 负责人待定 | R30: =IF($B30="","",IF(OR($F30="",IF($O30<>"",NOT(ISNUMBER($O30)),NOT(ISNUMBER($J30)))),"",$F30+IF($O30<>"",$O30,$J30)/1440)) -> 0.89305556 | S30: =IF($B30="",0,1) -> 1
A31: 28 | B31: {=IF(操作台!$B$4="议程模板",_xlfn.LET(_xlpm.v,IFERROR(INDEX(_xlfn._xlws.FILTER(模板库!$D$2:$D$1000,(模板库!$B$2:$B$1000=操作台!$F$4)*(模板库!$E$2:$E$1000="item")),28),""),IF(OR(_xlpm.v="",_xlpm.v=0),"",_xlpm.v)),IF(操作台!$B$4="接龙导入",IFERROR(INDEX(计算区!$F$5:$F$25,28),""),IF(COUNTA($L31:$P31)>0,"manual-"&TEXT($A31,"00"),"")))} | C31: {=IF(操作台!$B$4="议程模板",_xlfn.LET(_xlpm.v,IFERROR(INDEX(_xlfn._xlws.FILTER(模板库!$F$2:$F$1000,(模板库!$B$2:$B$1000=操作台!$F$4)*(模板库!$E$2:$E$1000="item")),28),""),IF(OR(_xlpm.v="",_xlpm.v=0),"",_xlpm.v)),IF(操作台!$B$4="接龙导入",IFERROR(INDEX(计算区!$G$5:$G$25,28),""),IF(COUNTA($L31:$P31)>0,1,"")))} | D31: {=IF(操作台!$B$4="议程模板",_xlfn.LET(_xlpm.v,IFERROR(INDEX(_xlfn._xlws.FILTER(模板库!$G$2:$G$1000,(模板库!$B$2:$B$1000=操作台!$F$4)*(模板库!$E$2:$E$1000="item")),28),""),IF(OR(_xlpm.v="",_xlpm.v=0),"",_xlpm.v)),IF(操作台!$B$4="接龙导入",IFERROR(INDEX(计算区!$H$5:$H$25,28),""),IF(COUNTA($L31:$P31)>0,"手工议程","")))} | E31: {=IF(操作台!$B$4="议程模板",_xlfn.LET(_xlpm.v,IFERROR(INDEX(_xlfn._xlws.FILTER(模板库!$M$2:$M$1000,(模板库!$B$2:$B$1000=操作台!$F$4)*(模板库!$E$2:$E$1000="item")),28),""),IF(OR(_xlpm.v="",_xlpm.v=0),"",_xlpm.v)),IF(操作台!$B$4="接龙导入",IFERROR(INDEX(计算区!$N$5:$N$25,28),""),IF(COUNTA($L31:$P31)>0,"plain","")))} | F31: =IF($B31="","",IF(COUNTIF($Q$4:$Q30,"*排程*")>0,"",IF(COUNTIF($B$4:$B30,"<>")=0,IF(操作台!$B$4="接龙导入",IF(计算区!$E$7<>"",计算区!$E$7,操作台!$F$10),操作台!$F$10),MAX($R$4:$R30)))) | G31: {=IF(操作台!$B$4="议程模板",_xlfn.LET(_xlpm.v,IFERROR(INDEX(_xlfn._xlws.FILTER(模板库!$H$2:$H$1000,(模板库!$B$2:$B$1000=操作台!$F$4)*(模板库!$E$2:$E$1000="item")),28),""),IF(OR(_xlpm.v="",_xlpm.v=0),"",_xlpm.v)),IF(操作台!$B$4="接龙导入",IFERROR(INDEX(计算区!$I$5:$I$25,28),""),""))} | H31: {=IF(操作台!$B$4="议程模板",_xlfn.LET(_xlpm.v,IFERROR(INDEX(_xlfn._xlws.FILTER(模板库!$I$2:$I$1000,(模板库!$B$2:$B$1000=操作台!$F$4)*(模板库!$E$2:$E$1000="item")),28),""),IF(OR(_xlpm.v="",_xlpm.v=0),"",_xlpm.v)),IF(操作台!$B$4="接龙导入","",""))} | I31: {=IF(操作台!$B$4="议程模板",_xlfn.LET(_xlpm.v,IFERROR(INDEX(_xlfn._xlws.FILTER(模板库!$J$2:$J$1000,(模板库!$B$2:$B$1000=操作台!$F$4)*(模板库!$E$2:$E$1000="item")),28),""),IF(OR(_xlpm.v="",_xlpm.v=0),"",_xlpm.v)),IF(操作台!$B$4="接龙导入",IFERROR(INDEX(计算区!$J$5:$J$25,28),""),""))} | J31: {=IF(操作台!$B$4="议程模板",_xlfn.LET(_xlpm.v,IFERROR(INDEX(_xlfn._xlws.FILTER(模板库!$K$2:$K$1000,(模板库!$B$2:$B$1000=操作台!$F$4)*(模板库!$E$2:$E$1000="item")),28),""),IF(OR(_xlpm.v="",_xlpm.v=0),"",_xlpm.v)),IF(操作台!$B$4="接龙导入",IFERROR(INDEX(计算区!$K$5:$K$25,28),""),""))} | K31: {=IF(操作台!$B$4="议程模板",_xlfn.LET(_xlpm.v,IFERROR(INDEX(_xlfn._xlws.FILTER(模板库!$L$2:$L$1000,(模板库!$B$2:$B$1000=操作台!$F$4)*(模板库!$E$2:$E$1000="item")),28),""),IF(OR(_xlpm.v="",_xlpm.v=0),"",_xlpm.v)),IF(操作台!$B$4="接龙导入",IFERROR(INDEX(计算区!$M$5:$M$25,28),""),""))} | Q31: =IF($B31="","",_xlfn.LET(_xlpm.m,IF($O31<>"",$O31,$J31),_xlpm.p,IF($P31<>"",$P31,IF($K31="","待定",$K31)),_xlpm.title,IF($L31<>"",$L31,$G31),_xlfn.TEXTJOIN("；",TRUE,IF(_xlpm.title="","缺少标题",""),IF(_xlpm.m="","缺少排程分钟",IF(NOT(ISNUMBER(_xlpm.m)),"排程分钟无效","")),IF(_xlpm.p="待定","负责人待定",""),IF(AND($A31>1,$F31=""),"前序排程中断","")))) | R31: =IF($B31="","",IF(OR($F31="",IF($O31<>"",NOT(ISNUMBER($O31)),NOT(ISNUMBER($J31)))),"",$F31+IF($O31<>"",$O31,$J31)/1440)) | S31: =IF($B31="",0,1) -> 0
A32: 29 | B32: {=IF(操作台!$B$4="议程模板",_xlfn.LET(_xlpm.v,IFERROR(INDEX(_xlfn._xlws.FILTER(模板库!$D$2:$D$1000,(模板库!$B$2:$B$1000=操作台!$F$4)*(模板库!$E$2:$E$1000="item")),29),""),IF(OR(_xlpm.v="",_xlpm.v=0),"",_xlpm.v)),IF(操作台!$B$4="接龙导入",IFERROR(INDEX(计算区!$F$5:$F$25,29),""),IF(COUNTA($L32:$P32)>0,"manual-"&TEXT($A32,"00"),"")))} | C32: {=IF(操作台!$B$4="议程模板",_xlfn.LET(_xlpm.v,IFERROR(INDEX(_xlfn._xlws.FILTER(模板库!$F$2:$F$1000,(模板库!$B$2:$B$1000=操作台!$F$4)*(模板库!$E$2:$E$1000="item")),29),""),IF(OR(_xlpm.v="",_xlpm.v=0),"",_xlpm.v)),IF(操作台!$B$4="接龙导入",IFERROR(INDEX(计算区!$G$5:$G$25,29),""),IF(COUNTA($L32:$P32)>0,1,"")))} | D32: {=IF(操作台!$B$4="议程模板",_xlfn.LET(_xlpm.v,IFERROR(INDEX(_xlfn._xlws.FILTER(模板库!$G$2:$G$1000,(模板库!$B$2:$B$1000=操作台!$F$4)*(模板库!$E$2:$E$1000="item")),29),""),IF(OR(_xlpm.v="",_xlpm.v=0),"",_xlpm.v)),IF(操作台!$B$4="接龙导入",IFERROR(INDEX(计算区!$H$5:$H$25,29),""),IF(COUNTA($L32:$P32)>0,"手工议程","")))} | E32: {=IF(操作台!$B$4="议程模板",_xlfn.LET(_xlpm.v,IFERROR(INDEX(_xlfn._xlws.FILTER(模板库!$M$2:$M$1000,(模板库!$B$2:$B$1000=操作台!$F$4)*(模板库!$E$2:$E$1000="item")),29),""),IF(OR(_xlpm.v="",_xlpm.v=0),"",_xlpm.v)),IF(操作台!$B$4="接龙导入",IFERROR(INDEX(计算区!$N$5:$N$25,29),""),IF(COUNTA($L32:$P32)>0,"plain","")))} | F32: =IF($B32="","",IF(COUNTIF($Q$4:$Q31,"*排程*")>0,"",IF(COUNTIF($B$4:$B31,"<>")=0,IF(操作台!$B$4="接龙导入",IF(计算区!$E$7<>"",计算区!$E$7,操作台!$F$10),操作台!$F$10),MAX($R$4:$R31)))) | G32: {=IF(操作台!$B$4="议程模板",_xlfn.LET(_xlpm.v,IFERROR(INDEX(_xlfn._xlws.FILTER(模板库!$H$2:$H$1000,(模板库!$B$2:$B$1000=操作台!$F$4)*(模板库!$E$2:$E$1000="item")),29),""),IF(OR(_xlpm.v="",_xlpm.v=0),"",_xlpm.v)),IF(操作台!$B$4="接龙导入",IFERROR(INDEX(计算区!$I$5:$I$25,29),""),""))} | H32: {=IF(操作台!$B$4="议程模板",_xlfn.LET(_xlpm.v,IFERROR(INDEX(_xlfn._xlws.FILTER(模板库!$I$2:$I$1000,(模板库!$B$2:$B$1000=操作台!$F$4)*(模板库!$E$2:$E$1000="item")),29),""),IF(OR(_xlpm.v="",_xlpm.v=0),"",_xlpm.v)),IF(操作台!$B$4="接龙导入","",""))} | I32: {=IF(操作台!$B$4="议程模板",_xlfn.LET(_xlpm.v,IFERROR(INDEX(_xlfn._xlws.FILTER(模板库!$J$2:$J$1000,(模板库!$B$2:$B$1000=操作台!$F$4)*(模板库!$E$2:$E$1000="item")),29),""),IF(OR(_xlpm.v="",_xlpm.v=0),"",_xlpm.v)),IF(操作台!$B$4="接龙导入",IFERROR(INDEX(计算区!$J$5:$J$25,29),""),""))} | J32: {=IF(操作台!$B$4="议程模板",_xlfn.LET(_xlpm.v,IFERROR(INDEX(_xlfn._xlws.FILTER(模板库!$K$2:$K$1000,(模板库!$B$2:$B$1000=操作台!$F$4)*(模板库!$E$2:$E$1000="item")),29),""),IF(OR(_xlpm.v="",_xlpm.v=0),"",_xlpm.v)),IF(操作台!$B$4="接龙导入",IFERROR(INDEX(计算区!$K$5:$K$25,29),""),""))} | K32: {=IF(操作台!$B$4="议程模板",_xlfn.LET(_xlpm.v,IFERROR(INDEX(_xlfn._xlws.FILTER(模板库!$L$2:$L$1000,(模板库!$B$2:$B$1000=操作台!$F$4)*(模板库!$E$2:$E$1000="item")),29),""),IF(OR(_xlpm.v="",_xlpm.v=0),"",_xlpm.v)),IF(操作台!$B$4="接龙导入",IFERROR(INDEX(计算区!$M$5:$M$25,29),""),""))} | Q32: =IF($B32="","",_xlfn.LET(_xlpm.m,IF($O32<>"",$O32,$J32),_xlpm.p,IF($P32<>"",$P32,IF($K32="","待定",$K32)),_xlpm.title,IF($L32<>"",$L32,$G32),_xlfn.TEXTJOIN("；",TRUE,IF(_xlpm.title="","缺少标题",""),IF(_xlpm.m="","缺少排程分钟",IF(NOT(ISNUMBER(_xlpm.m)),"排程分钟无效","")),IF(_xlpm.p="待定","负责人待定",""),IF(AND($A32>1,$F32=""),"前序排程中断","")))) | R32: =IF($B32="","",IF(OR($F32="",IF($O32<>"",NOT(ISNUMBER($O32)),NOT(ISNUMBER($J32)))),"",$F32+IF($O32<>"",$O32,$J32)/1440)) | S32: =IF($B32="",0,1) -> 0
A33: 30 | B33: {=IF(操作台!$B$4="议程模板",_xlfn.LET(_xlpm.v,IFERROR(INDEX(_xlfn._xlws.FILTER(模板库!$D$2:$D$1000,(模板库!$B$2:$B$1000=操作台!$F$4)*(模板库!$E$2:$E$1000="item")),30),""),IF(OR(_xlpm.v="",_xlpm.v=0),"",_xlpm.v)),IF(操作台!$B$4="接龙导入",IFERROR(INDEX(计算区!$F$5:$F$25,30),""),IF(COUNTA($L33:$P33)>0,"manual-"&TEXT($A33,"00"),"")))} | C33: {=IF(操作台!$B$4="议程模板",_xlfn.LET(_xlpm.v,IFERROR(INDEX(_xlfn._xlws.FILTER(模板库!$F$2:$F$1000,(模板库!$B$2:$B$1000=操作台!$F$4)*(模板库!$E$2:$E$1000="item")),30),""),IF(OR(_xlpm.v="",_xlpm.v=0),"",_xlpm.v)),IF(操作台!$B$4="接龙导入",IFERROR(INDEX(计算区!$G$5:$G$25,30),""),IF(COUNTA($L33:$P33)>0,1,"")))} | D33: {=IF(操作台!$B$4="议程模板",_xlfn.LET(_xlpm.v,IFERROR(INDEX(_xlfn._xlws.FILTER(模板库!$G$2:$G$1000,(模板库!$B$2:$B$1000=操作台!$F$4)*(模板库!$E$2:$E$1000="item")),30),""),IF(OR(_xlpm.v="",_xlpm.v=0),"",_xlpm.v)),IF(操作台!$B$4="接龙导入",IFERROR(INDEX(计算区!$H$5:$H$25,30),""),IF(COUNTA($L33:$P33)>0,"手工议程","")))} | E33: {=IF(操作台!$B$4="议程模板",_xlfn.LET(_xlpm.v,IFERROR(INDEX(_xlfn._xlws.FILTER(模板库!$M$2:$M$1000,(模板库!$B$2:$B$1000=操作台!$F$4)*(模板库!$E$2:$E$1000="item")),30),""),IF(OR(_xlpm.v="",_xlpm.v=0),"",_xlpm.v)),IF(操作台!$B$4="接龙导入",IFERROR(INDEX(计算区!$N$5:$N$25,30),""),IF(COUNTA($L33:$P33)>0,"plain","")))} | F33: =IF($B33="","",IF(COUNTIF($Q$4:$Q32,"*排程*")>0,"",IF(COUNTIF($B$4:$B32,"<>")=0,IF(操作台!$B$4="接龙导入",IF(计算区!$E$7<>"",计算区!$E$7,操作台!$F$10),操作台!$F$10),MAX($R$4:$R32)))) | G33: {=IF(操作台!$B$4="议程模板",_xlfn.LET(_xlpm.v,IFERROR(INDEX(_xlfn._xlws.FILTER(模板库!$H$2:$H$1000,(模板库!$B$2:$B$1000=操作台!$F$4)*(模板库!$E$2:$E$1000="item")),30),""),IF(OR(_xlpm.v="",_xlpm.v=0),"",_xlpm.v)),IF(操作台!$B$4="接龙导入",IFERROR(INDEX(计算区!$I$5:$I$25,30),""),""))} | H33: {=IF(操作台!$B$4="议程模板",_xlfn.LET(_xlpm.v,IFERROR(INDEX(_xlfn._xlws.FILTER(模板库!$I$2:$I$1000,(模板库!$B$2:$B$1000=操作台!$F$4)*(模板库!$E$2:$E$1000="item")),30),""),IF(OR(_xlpm.v="",_xlpm.v=0),"",_xlpm.v)),IF(操作台!$B$4="接龙导入","",""))} | I33: {=IF(操作台!$B$4="议程模板",_xlfn.LET(_xlpm.v,IFERROR(INDEX(_xlfn._xlws.FILTER(模板库!$J$2:$J$1000,(模板库!$B$2:$B$1000=操作台!$F$4)*(模板库!$E$2:$E$1000="item")),30),""),IF(OR(_xlpm.v="",_xlpm.v=0),"",_xlpm.v)),IF(操作台!$B$4="接龙导入",IFERROR(INDEX(计算区!$J$5:$J$25,30),""),""))} | J33: {=IF(操作台!$B$4="议程模板",_xlfn.LET(_xlpm.v,IFERROR(INDEX(_xlfn._xlws.FILTER(模板库!$K$2:$K$1000,(模板库!$B$2:$B$1000=操作台!$F$4)*(模板库!$E$2:$E$1000="item")),30),""),IF(OR(_xlpm.v="",_xlpm.v=0),"",_xlpm.v)),IF(操作台!$B$4="接龙导入",IFERROR(INDEX(计算区!$K$5:$K$25,30),""),""))} | K33: {=IF(操作台!$B$4="议程模板",_xlfn.LET(_xlpm.v,IFERROR(INDEX(_xlfn._xlws.FILTER(模板库!$L$2:$L$1000,(模板库!$B$2:$B$1000=操作台!$F$4)*(模板库!$E$2:$E$1000="item")),30),""),IF(OR(_xlpm.v="",_xlpm.v=0),"",_xlpm.v)),IF(操作台!$B$4="接龙导入",IFERROR(INDEX(计算区!$M$5:$M$25,30),""),""))} | Q33: =IF($B33="","",_xlfn.LET(_xlpm.m,IF($O33<>"",$O33,$J33),_xlpm.p,IF($P33<>"",$P33,IF($K33="","待定",$K33)),_xlpm.title,IF($L33<>"",$L33,$G33),_xlfn.TEXTJOIN("；",TRUE,IF(_xlpm.title="","缺少标题",""),IF(_xlpm.m="","缺少排程分钟",IF(NOT(ISNUMBER(_xlpm.m)),"排程分钟无效","")),IF(_xlpm.p="待定","负责人待定",""),IF(AND($A33>1,$F33=""),"前序排程中断","")))) | R33: =IF($B33="","",IF(OR($F33="",IF($O33<>"",NOT(ISNUMBER($O33)),NOT(ISNUMBER($J33)))),"",$F33+IF($O33<>"",$O33,$J33)/1440)) | S33: =IF($B33="",0,1) -> 0
A34: 31 | B34: {=IF(操作台!$B$4="议程模板",_xlfn.LET(_xlpm.v,IFERROR(INDEX(_xlfn._xlws.FILTER(模板库!$D$2:$D$1000,(模板库!$B$2:$B$1000=操作台!$F$4)*(模板库!$E$2:$E$1000="item")),31),""),IF(OR(_xlpm.v="",_xlpm.v=0),"",_xlpm.v)),IF(操作台!$B$4="接龙导入",IFERROR(INDEX(计算区!$F$5:$F$25,31),""),IF(COUNTA($L34:$P34)>0,"manual-"&TEXT($A34,"00"),"")))} | C34: {=IF(操作台!$B$4="议程模板",_xlfn.LET(_xlpm.v,IFERROR(INDEX(_xlfn._xlws.FILTER(模板库!$F$2:$F$1000,(模板库!$B$2:$B$1000=操作台!$F$4)*(模板库!$E$2:$E$1000="item")),31),""),IF(OR(_xlpm.v="",_xlpm.v=0),"",_xlpm.v)),IF(操作台!$B$4="接龙导入",IFERROR(INDEX(计算区!$G$5:$G$25,31),""),IF(COUNTA($L34:$P34)>0,1,"")))} | D34: {=IF(操作台!$B$4="议程模板",_xlfn.LET(_xlpm.v,IFERROR(INDEX(_xlfn._xlws.FILTER(模板库!$G$2:$G$1000,(模板库!$B$2:$B$1000=操作台!$F$4)*(模板库!$E$2:$E$1000="item")),31),""),IF(OR(_xlpm.v="",_xlpm.v=0),"",_xlpm.v)),IF(操作台!$B$4="接龙导入",IFERROR(INDEX(计算区!$H$5:$H$25,31),""),IF(COUNTA($L34:$P34)>0,"手工议程","")))} | E34: {=IF(操作台!$B$4="议程模板",_xlfn.LET(_xlpm.v,IFERROR(INDEX(_xlfn._xlws.FILTER(模板库!$M$2:$M$1000,(模板库!$B$2:$B$1000=操作台!$F$4)*(模板库!$E$2:$E$1000="item")),31),""),IF(OR(_xlpm.v="",_xlpm.v=0),"",_xlpm.v)),IF(操作台!$B$4="接龙导入",IFERROR(INDEX(计算区!$N$5:$N$25,31),""),IF(COUNTA($L34:$P34)>0,"plain","")))} | F34: =IF($B34="","",IF(COUNTIF($Q$4:$Q33,"*排程*")>0,"",IF(COUNTIF($B$4:$B33,"<>")=0,IF(操作台!$B$4="接龙导入",IF(计算区!$E$7<>"",计算区!$E$7,操作台!$F$10),操作台!$F$10),MAX($R$4:$R33)))) | G34: {=IF(操作台!$B$4="议程模板",_xlfn.LET(_xlpm.v,IFERROR(INDEX(_xlfn._xlws.FILTER(模板库!$H$2:$H$1000,(模板库!$B$2:$B$1000=操作台!$F$4)*(模板库!$E$2:$E$1000="item")),31),""),IF(OR(_xlpm.v="",_xlpm.v=0),"",_xlpm.v)),IF(操作台!$B$4="接龙导入",IFERROR(INDEX(计算区!$I$5:$I$25,31),""),""))} | H34: {=IF(操作台!$B$4="议程模板",_xlfn.LET(_xlpm.v,IFERROR(INDEX(_xlfn._xlws.FILTER(模板库!$I$2:$I$1000,(模板库!$B$2:$B$1000=操作台!$F$4)*(模板库!$E$2:$E$1000="item")),31),""),IF(OR(_xlpm.v="",_xlpm.v=0),"",_xlpm.v)),IF(操作台!$B$4="接龙导入","",""))} | I34: {=IF(操作台!$B$4="议程模板",_xlfn.LET(_xlpm.v,IFERROR(INDEX(_xlfn._xlws.FILTER(模板库!$J$2:$J$1000,(模板库!$B$2:$B$1000=操作台!$F$4)*(模板库!$E$2:$E$1000="item")),31),""),IF(OR(_xlpm.v="",_xlpm.v=0),"",_xlpm.v)),IF(操作台!$B$4="接龙导入",IFERROR(INDEX(计算区!$J$5:$J$25,31),""),""))} | J34: {=IF(操作台!$B$4="议程模板",_xlfn.LET(_xlpm.v,IFERROR(INDEX(_xlfn._xlws.FILTER(模板库!$K$2:$K$1000,(模板库!$B$2:$B$1000=操作台!$F$4)*(模板库!$E$2:$E$1000="item")),31),""),IF(OR(_xlpm.v="",_xlpm.v=0),"",_xlpm.v)),IF(操作台!$B$4="接龙导入",IFERROR(INDEX(计算区!$K$5:$K$25,31),""),""))} | K34: {=IF(操作台!$B$4="议程模板",_xlfn.LET(_xlpm.v,IFERROR(INDEX(_xlfn._xlws.FILTER(模板库!$L$2:$L$1000,(模板库!$B$2:$B$1000=操作台!$F$4)*(模板库!$E$2:$E$1000="item")),31),""),IF(OR(_xlpm.v="",_xlpm.v=0),"",_xlpm.v)),IF(操作台!$B$4="接龙导入",IFERROR(INDEX(计算区!$M$5:$M$25,31),""),""))} | Q34: =IF($B34="","",_xlfn.LET(_xlpm.m,IF($O34<>"",$O34,$J34),_xlpm.p,IF($P34<>"",$P34,IF($K34="","待定",$K34)),_xlpm.title,IF($L34<>"",$L34,$G34),_xlfn.TEXTJOIN("；",TRUE,IF(_xlpm.title="","缺少标题",""),IF(_xlpm.m="","缺少排程分钟",IF(NOT(ISNUMBER(_xlpm.m)),"排程分钟无效","")),IF(_xlpm.p="待定","负责人待定",""),IF(AND($A34>1,$F34=""),"前序排程中断","")))) | R34: =IF($B34="","",IF(OR($F34="",IF($O34<>"",NOT(ISNUMBER($O34)),NOT(ISNUMBER($J34)))),"",$F34+IF($O34<>"",$O34,$J34)/1440)) | S34: =IF($B34="",0,1) -> 0
A35: 32 | B35: {=IF(操作台!$B$4="议程模板",_xlfn.LET(_xlpm.v,IFERROR(INDEX(_xlfn._xlws.FILTER(模板库!$D$2:$D$1000,(模板库!$B$2:$B$1000=操作台!$F$4)*(模板库!$E$2:$E$1000="item")),32),""),IF(OR(_xlpm.v="",_xlpm.v=0),"",_xlpm.v)),IF(操作台!$B$4="接龙导入",IFERROR(INDEX(计算区!$F$5:$F$25,32),""),IF(COUNTA($L35:$P35)>0,"manual-"&TEXT($A35,"00"),"")))} | C35: {=IF(操作台!$B$4="议程模板",_xlfn.LET(_xlpm.v,IFERROR(INDEX(_xlfn._xlws.FILTER(模板库!$F$2:$F$1000,(模板库!$B$2:$B$1000=操作台!$F$4)*(模板库!$E$2:$E$1000="item")),32),""),IF(OR(_xlpm.v="",_xlpm.v=0),"",_xlpm.v)),IF(操作台!$B$4="接龙导入",IFERROR(INDEX(计算区!$G$5:$G$25,32),""),IF(COUNTA($L35:$P35)>0,1,"")))} | D35: {=IF(操作台!$B$4="议程模板",_xlfn.LET(_xlpm.v,IFERROR(INDEX(_xlfn._xlws.FILTER(模板库!$G$2:$G$1000,(模板库!$B$2:$B$1000=操作台!$F$4)*(模板库!$E$2:$E$1000="item")),32),""),IF(OR(_xlpm.v="",_xlpm.v=0),"",_xlpm.v)),IF(操作台!$B$4="接龙导入",IFERROR(INDEX(计算区!$H$5:$H$25,32),""),IF(COUNTA($L35:$P35)>0,"手工议程","")))} | E35: {=IF(操作台!$B$4="议程模板",_xlfn.LET(_xlpm.v,IFERROR(INDEX(_xlfn._xlws.FILTER(模板库!$M$2:$M$1000,(模板库!$B$2:$B$1000=操作台!$F$4)*(模板库!$E$2:$E$1000="item")),32),""),IF(OR(_xlpm.v="",_xlpm.v=0),"",_xlpm.v)),IF(操作台!$B$4="接龙导入",IFERROR(INDEX(计算区!$N$5:$N$25,32),""),IF(COUNTA($L35:$P35)>0,"plain","")))} | F35: =IF($B35="","",IF(COUNTIF($Q$4:$Q34,"*排程*")>0,"",IF(COUNTIF($B$4:$B34,"<>")=0,IF(操作台!$B$4="接龙导入",IF(计算区!$E$7<>"",计算区!$E$7,操作台!$F$10),操作台!$F$10),MAX($R$4:$R34)))) | G35: {=IF(操作台!$B$4="议程模板",_xlfn.LET(_xlpm.v,IFERROR(INDEX(_xlfn._xlws.FILTER(模板库!$H$2:$H$1000,(模板库!$B$2:$B$1000=操作台!$F$4)*(模板库!$E$2:$E$1000="item")),32),""),IF(OR(_xlpm.v="",_xlpm.v=0),"",_xlpm.v)),IF(操作台!$B$4="接龙导入",IFERROR(INDEX(计算区!$I$5:$I$25,32),""),""))} | H35: {=IF(操作台!$B$4="议程模板",_xlfn.LET(_xlpm.v,IFERROR(INDEX(_xlfn._xlws.FILTER(模板库!$I$2:$I$1000,(模板库!$B$2:$B$1000=操作台!$F$4)*(模板库!$E$2:$E$1000="item")),32),""),IF(OR(_xlpm.v="",_xlpm.v=0),"",_xlpm.v)),IF(操作台!$B$4="接龙导入","",""))} | I35: {=IF(操作台!$B$4="议程模板",_xlfn.LET(_xlpm.v,IFERROR(INDEX(_xlfn._xlws.FILTER(模板库!$J$2:$J$1000,(模板库!$B$2:$B$1000=操作台!$F$4)*(模板库!$E$2:$E$1000="item")),32),""),IF(OR(_xlpm.v="",_xlpm.v=0),"",_xlpm.v)),IF(操作台!$B$4="接龙导入",IFERROR(INDEX(计算区!$J$5:$J$25,32),""),""))} | J35: {=IF(操作台!$B$4="议程模板",_xlfn.LET(_xlpm.v,IFERROR(INDEX(_xlfn._xlws.FILTER(模板库!$K$2:$K$1000,(模板库!$B$2:$B$1000=操作台!$F$4)*(模板库!$E$2:$E$1000="item")),32),""),IF(OR(_xlpm.v="",_xlpm.v=0),"",_xlpm.v)),IF(操作台!$B$4="接龙导入",IFERROR(INDEX(计算区!$K$5:$K$25,32),""),""))} | K35: {=IF(操作台!$B$4="议程模板",_xlfn.LET(_xlpm.v,IFERROR(INDEX(_xlfn._xlws.FILTER(模板库!$L$2:$L$1000,(模板库!$B$2:$B$1000=操作台!$F$4)*(模板库!$E$2:$E$1000="item")),32),""),IF(OR(_xlpm.v="",_xlpm.v=0),"",_xlpm.v)),IF(操作台!$B$4="接龙导入",IFERROR(INDEX(计算区!$M$5:$M$25,32),""),""))} | Q35: =IF($B35="","",_xlfn.LET(_xlpm.m,IF($O35<>"",$O35,$J35),_xlpm.p,IF($P35<>"",$P35,IF($K35="","待定",$K35)),_xlpm.title,IF($L35<>"",$L35,$G35),_xlfn.TEXTJOIN("；",TRUE,IF(_xlpm.title="","缺少标题",""),IF(_xlpm.m="","缺少排程分钟",IF(NOT(ISNUMBER(_xlpm.m)),"排程分钟无效","")),IF(_xlpm.p="待定","负责人待定",""),IF(AND($A35>1,$F35=""),"前序排程中断","")))) | R35: =IF($B35="","",IF(OR($F35="",IF($O35<>"",NOT(ISNUMBER($O35)),NOT(ISNUMBER($J35)))),"",$F35+IF($O35<>"",$O35,$J35)/1440)) | S35: =IF($B35="",0,1) -> 0
A36: 33 | B36: {=IF(操作台!$B$4="议程模板",_xlfn.LET(_xlpm.v,IFERROR(INDEX(_xlfn._xlws.FILTER(模板库!$D$2:$D$1000,(模板库!$B$2:$B$1000=操作台!$F$4)*(模板库!$E$2:$E$1000="item")),33),""),IF(OR(_xlpm.v="",_xlpm.v=0),"",_xlpm.v)),IF(操作台!$B$4="接龙导入",IFERROR(INDEX(计算区!$F$5:$F$25,33),""),IF(COUNTA($L36:$P36)>0,"manual-"&TEXT($A36,"00"),"")))} | C36: {=IF(操作台!$B$4="议程模板",_xlfn.LET(_xlpm.v,IFERROR(INDEX(_xlfn._xlws.FILTER(模板库!$F$2:$F$1000,(模板库!$B$2:$B$1000=操作台!$F$4)*(模板库!$E$2:$E$1000="item")),33),""),IF(OR(_xlpm.v="",_xlpm.v=0),"",_xlpm.v)),IF(操作台!$B$4="接龙导入",IFERROR(INDEX(计算区!$G$5:$G$25,33),""),IF(COUNTA($L36:$P36)>0,1,"")))} | D36: {=IF(操作台!$B$4="议程模板",_xlfn.LET(_xlpm.v,IFERROR(INDEX(_xlfn._xlws.FILTER(模板库!$G$2:$G$1000,(模板库!$B$2:$B$1000=操作台!$F$4)*(模板库!$E$2:$E$1000="item")),33),""),IF(OR(_xlpm.v="",_xlpm.v=0),"",_xlpm.v)),IF(操作台!$B$4="接龙导入",IFERROR(INDEX(计算区!$H$5:$H$25,33),""),IF(COUNTA($L36:$P36)>0,"手工议程","")))} | E36: {=IF(操作台!$B$4="议程模板",_xlfn.LET(_xlpm.v,IFERROR(INDEX(_xlfn._xlws.FILTER(模板库!$M$2:$M$1000,(模板库!$B$2:$B$1000=操作台!$F$4)*(模板库!$E$2:$E$1000="item")),33),""),IF(OR(_xlpm.v="",_xlpm.v=0),"",_xlpm.v)),IF(操作台!$B$4="接龙导入",IFERROR(INDEX(计算区!$N$5:$N$25,33),""),IF(COUNTA($L36:$P36)>0,"plain","")))} | F36: =IF($B36="","",IF(COUNTIF($Q$4:$Q35,"*排程*")>0,"",IF(COUNTIF($B$4:$B35,"<>")=0,IF(操作台!$B$4="接龙导入",IF(计算区!$E$7<>"",计算区!$E$7,操作台!$F$10),操作台!$F$10),MAX($R$4:$R35)))) | G36: {=IF(操作台!$B$4="议程模板",_xlfn.LET(_xlpm.v,IFERROR(INDEX(_xlfn._xlws.FILTER(模板库!$H$2:$H$1000,(模板库!$B$2:$B$1000=操作台!$F$4)*(模板库!$E$2:$E$1000="item")),33),""),IF(OR(_xlpm.v="",_xlpm.v=0),"",_xlpm.v)),IF(操作台!$B$4="接龙导入",IFERROR(INDEX(计算区!$I$5:$I$25,33),""),""))} | H36: {=IF(操作台!$B$4="议程模板",_xlfn.LET(_xlpm.v,IFERROR(INDEX(_xlfn._xlws.FILTER(模板库!$I$2:$I$1000,(模板库!$B$2:$B$1000=操作台!$F$4)*(模板库!$E$2:$E$1000="item")),33),""),IF(OR(_xlpm.v="",_xlpm.v=0),"",_xlpm.v)),IF(操作台!$B$4="接龙导入","",""))} | I36: {=IF(操作台!$B$4="议程模板",_xlfn.LET(_xlpm.v,IFERROR(INDEX(_xlfn._xlws.FILTER(模板库!$J$2:$J$1000,(模板库!$B$2:$B$1000=操作台!$F$4)*(模板库!$E$2:$E$1000="item")),33),""),IF(OR(_xlpm.v="",_xlpm.v=0),"",_xlpm.v)),IF(操作台!$B$4="接龙导入",IFERROR(INDEX(计算区!$J$5:$J$25,33),""),""))} | J36: {=IF(操作台!$B$4="议程模板",_xlfn.LET(_xlpm.v,IFERROR(INDEX(_xlfn._xlws.FILTER(模板库!$K$2:$K$1000,(模板库!$B$2:$B$1000=操作台!$F$4)*(模板库!$E$2:$E$1000="item")),33),""),IF(OR(_xlpm.v="",_xlpm.v=0),"",_xlpm.v)),IF(操作台!$B$4="接龙导入",IFERROR(INDEX(计算区!$K$5:$K$25,33),""),""))} | K36: {=IF(操作台!$B$4="议程模板",_xlfn.LET(_xlpm.v,IFERROR(INDEX(_xlfn._xlws.FILTER(模板库!$L$2:$L$1000,(模板库!$B$2:$B$1000=操作台!$F$4)*(模板库!$E$2:$E$1000="item")),33),""),IF(OR(_xlpm.v="",_xlpm.v=0),"",_xlpm.v)),IF(操作台!$B$4="接龙导入",IFERROR(INDEX(计算区!$M$5:$M$25,33),""),""))} | Q36: =IF($B36="","",_xlfn.LET(_xlpm.m,IF($O36<>"",$O36,$J36),_xlpm.p,IF($P36<>"",$P36,IF($K36="","待定",$K36)),_xlpm.title,IF($L36<>"",$L36,$G36),_xlfn.TEXTJOIN("；",TRUE,IF(_xlpm.title="","缺少标题",""),IF(_xlpm.m="","缺少排程分钟",IF(NOT(ISNUMBER(_xlpm.m)),"排程分钟无效","")),IF(_xlpm.p="待定","负责人待定",""),IF(AND($A36>1,$F36=""),"前序排程中断","")))) | R36: =IF($B36="","",IF(OR($F36="",IF($O36<>"",NOT(ISNUMBER($O36)),NOT(ISNUMBER($J36)))),"",$F36+IF($O36<>"",$O36,$J36)/1440)) | S36: =IF($B36="",0,1) -> 0
A37: 34 | B37: {=IF(操作台!$B$4="议程模板",_xlfn.LET(_xlpm.v,IFERROR(INDEX(_xlfn._xlws.FILTER(模板库!$D$2:$D$1000,(模板库!$B$2:$B$1000=操作台!$F$4)*(模板库!$E$2:$E$1000="item")),34),""),IF(OR(_xlpm.v="",_xlpm.v=0),"",_xlpm.v)),IF(操作台!$B$4="接龙导入",IFERROR(INDEX(计算区!$F$5:$F$25,34),""),IF(COUNTA($L37:$P37)>0,"manual-"&TEXT($A37,"00"),"")))} | C37: {=IF(操作台!$B$4="议程模板",_xlfn.LET(_xlpm.v,IFERROR(INDEX(_xlfn._xlws.FILTER(模板库!$F$2:$F$1000,(模板库!$B$2:$B$1000=操作台!$F$4)*(模板库!$E$2:$E$1000="item")),34),""),IF(OR(_xlpm.v="",_xlpm.v=0),"",_xlpm.v)),IF(操作台!$B$4="接龙导入",IFERROR(INDEX(计算区!$G$5:$G$25,34),""),IF(COUNTA($L37:$P37)>0,1,"")))} | D37: {=IF(操作台!$B$4="议程模板",_xlfn.LET(_xlpm.v,IFERROR(INDEX(_xlfn._xlws.FILTER(模板库!$G$2:$G$1000,(模板库!$B$2:$B$1000=操作台!$F$4)*(模板库!$E$2:$E$1000="item")),34),""),IF(OR(_xlpm.v="",_xlpm.v=0),"",_xlpm.v)),IF(操作台!$B$4="接龙导入",IFERROR(INDEX(计算区!$H$5:$H$25,34),""),IF(COUNTA($L37:$P37)>0,"手工议程","")))} | E37: {=IF(操作台!$B$4="议程模板",_xlfn.LET(_xlpm.v,IFERROR(INDEX(_xlfn._xlws.FILTER(模板库!$M$2:$M$1000,(模板库!$B$2:$B$1000=操作台!$F$4)*(模板库!$E$2:$E$1000="item")),34),""),IF(OR(_xlpm.v="",_xlpm.v=0),"",_xlpm.v)),IF(操作台!$B$4="接龙导入",IFERROR(INDEX(计算区!$N$5:$N$25,34),""),IF(COUNTA($L37:$P37)>0,"plain","")))} | F37: =IF($B37="","",IF(COUNTIF($Q$4:$Q36,"*排程*")>0,"",IF(COUNTIF($B$4:$B36,"<>")=0,IF(操作台!$B$4="接龙导入",IF(计算区!$E$7<>"",计算区!$E$7,操作台!$F$10),操作台!$F$10),MAX($R$4:$R36)))) | G37: {=IF(操作台!$B$4="议程模板",_xlfn.LET(_xlpm.v,IFERROR(INDEX(_xlfn._xlws.FILTER(模板库!$H$2:$H$1000,(模板库!$B$2:$B$1000=操作台!$F$4)*(模板库!$E$2:$E$1000="item")),34),""),IF(OR(_xlpm.v="",_xlpm.v=0),"",_xlpm.v)),IF(操作台!$B$4="接龙导入",IFERROR(INDEX(计算区!$I$5:$I$25,34),""),""))} | H37: {=IF(操作台!$B$4="议程模板",_xlfn.LET(_xlpm.v,IFERROR(INDEX(_xlfn._xlws.FILTER(模板库!$I$2:$I$1000,(模板库!$B$2:$B$1000=操作台!$F$4)*(模板库!$E$2:$E$1000="item")),34),""),IF(OR(_xlpm.v="",_xlpm.v=0),"",_xlpm.v)),IF(操作台!$B$4="接龙导入","",""))} | I37: {=IF(操作台!$B$4="议程模板",_xlfn.LET(_xlpm.v,IFERROR(INDEX(_xlfn._xlws.FILTER(模板库!$J$2:$J$1000,(模板库!$B$2:$B$1000=操作台!$F$4)*(模板库!$E$2:$E$1000="item")),34),""),IF(OR(_xlpm.v="",_xlpm.v=0),"",_xlpm.v)),IF(操作台!$B$4="接龙导入",IFERROR(INDEX(计算区!$J$5:$J$25,34),""),""))} | J37: {=IF(操作台!$B$4="议程模板",_xlfn.LET(_xlpm.v,IFERROR(INDEX(_xlfn._xlws.FILTER(模板库!$K$2:$K$1000,(模板库!$B$2:$B$1000=操作台!$F$4)*(模板库!$E$2:$E$1000="item")),34),""),IF(OR(_xlpm.v="",_xlpm.v=0),"",_xlpm.v)),IF(操作台!$B$4="接龙导入",IFERROR(INDEX(计算区!$K$5:$K$25,34),""),""))} | K37: {=IF(操作台!$B$4="议程模板",_xlfn.LET(_xlpm.v,IFERROR(INDEX(_xlfn._xlws.FILTER(模板库!$L$2:$L$1000,(模板库!$B$2:$B$1000=操作台!$F$4)*(模板库!$E$2:$E$1000="item")),34),""),IF(OR(_xlpm.v="",_xlpm.v=0),"",_xlpm.v)),IF(操作台!$B$4="接龙导入",IFERROR(INDEX(计算区!$M$5:$M$25,34),""),""))} | Q37: =IF($B37="","",_xlfn.LET(_xlpm.m,IF($O37<>"",$O37,$J37),_xlpm.p,IF($P37<>"",$P37,IF($K37="","待定",$K37)),_xlpm.title,IF($L37<>"",$L37,$G37),_xlfn.TEXTJOIN("；",TRUE,IF(_xlpm.title="","缺少标题",""),IF(_xlpm.m="","缺少排程分钟",IF(NOT(ISNUMBER(_xlpm.m)),"排程分钟无效","")),IF(_xlpm.p="待定","负责人待定",""),IF(AND($A37>1,$F37=""),"前序排程中断","")))) | R37: =IF($B37="","",IF(OR($F37="",IF($O37<>"",NOT(ISNUMBER($O37)),NOT(ISNUMBER($J37)))),"",$F37+IF($O37<>"",$O37,$J37)/1440)) | S37: =IF($B37="",0,1) -> 0
A38: 35 | B38: {=IF(操作台!$B$4="议程模板",_xlfn.LET(_xlpm.v,IFERROR(INDEX(_xlfn._xlws.FILTER(模板库!$D$2:$D$1000,(模板库!$B$2:$B$1000=操作台!$F$4)*(模板库!$E$2:$E$1000="item")),35),""),IF(OR(_xlpm.v="",_xlpm.v=0),"",_xlpm.v)),IF(操作台!$B$4="接龙导入",IFERROR(INDEX(计算区!$F$5:$F$25,35),""),IF(COUNTA($L38:$P38)>0,"manual-"&TEXT($A38,"00"),"")))} | C38: {=IF(操作台!$B$4="议程模板",_xlfn.LET(_xlpm.v,IFERROR(INDEX(_xlfn._xlws.FILTER(模板库!$F$2:$F$1000,(模板库!$B$2:$B$1000=操作台!$F$4)*(模板库!$E$2:$E$1000="item")),35),""),IF(OR(_xlpm.v="",_xlpm.v=0),"",_xlpm.v)),IF(操作台!$B$4="接龙导入",IFERROR(INDEX(计算区!$G$5:$G$25,35),""),IF(COUNTA($L38:$P38)>0,1,"")))} | D38: {=IF(操作台!$B$4="议程模板",_xlfn.LET(_xlpm.v,IFERROR(INDEX(_xlfn._xlws.FILTER(模板库!$G$2:$G$1000,(模板库!$B$2:$B$1000=操作台!$F$4)*(模板库!$E$2:$E$1000="item")),35),""),IF(OR(_xlpm.v="",_xlpm.v=0),"",_xlpm.v)),IF(操作台!$B$4="接龙导入",IFERROR(INDEX(计算区!$H$5:$H$25,35),""),IF(COUNTA($L38:$P38)>0,"手工议程","")))} | E38: {=IF(操作台!$B$4="议程模板",_xlfn.LET(_xlpm.v,IFERROR(INDEX(_xlfn._xlws.FILTER(模板库!$M$2:$M$1000,(模板库!$B$2:$B$1000=操作台!$F$4)*(模板库!$E$2:$E$1000="item")),35),""),IF(OR(_xlpm.v="",_xlpm.v=0),"",_xlpm.v)),IF(操作台!$B$4="接龙导入",IFERROR(INDEX(计算区!$N$5:$N$25,35),""),IF(COUNTA($L38:$P38)>0,"plain","")))} | F38: =IF($B38="","",IF(COUNTIF($Q$4:$Q37,"*排程*")>0,"",IF(COUNTIF($B$4:$B37,"<>")=0,IF(操作台!$B$4="接龙导入",IF(计算区!$E$7<>"",计算区!$E$7,操作台!$F$10),操作台!$F$10),MAX($R$4:$R37)))) | G38: {=IF(操作台!$B$4="议程模板",_xlfn.LET(_xlpm.v,IFERROR(INDEX(_xlfn._xlws.FILTER(模板库!$H$2:$H$1000,(模板库!$B$2:$B$1000=操作台!$F$4)*(模板库!$E$2:$E$1000="item")),35),""),IF(OR(_xlpm.v="",_xlpm.v=0),"",_xlpm.v)),IF(操作台!$B$4="接龙导入",IFERROR(INDEX(计算区!$I$5:$I$25,35),""),""))} | H38: {=IF(操作台!$B$4="议程模板",_xlfn.LET(_xlpm.v,IFERROR(INDEX(_xlfn._xlws.FILTER(模板库!$I$2:$I$1000,(模板库!$B$2:$B$1000=操作台!$F$4)*(模板库!$E$2:$E$1000="item")),35),""),IF(OR(_xlpm.v="",_xlpm.v=0),"",_xlpm.v)),IF(操作台!$B$4="接龙导入","",""))} | I38: {=IF(操作台!$B$4="议程模板",_xlfn.LET(_xlpm.v,IFERROR(INDEX(_xlfn._xlws.FILTER(模板库!$J$2:$J$1000,(模板库!$B$2:$B$1000=操作台!$F$4)*(模板库!$E$2:$E$1000="item")),35),""),IF(OR(_xlpm.v="",_xlpm.v=0),"",_xlpm.v)),IF(操作台!$B$4="接龙导入",IFERROR(INDEX(计算区!$J$5:$J$25,35),""),""))} | J38: {=IF(操作台!$B$4="议程模板",_xlfn.LET(_xlpm.v,IFERROR(INDEX(_xlfn._xlws.FILTER(模板库!$K$2:$K$1000,(模板库!$B$2:$B$1000=操作台!$F$4)*(模板库!$E$2:$E$1000="item")),35),""),IF(OR(_xlpm.v="",_xlpm.v=0),"",_xlpm.v)),IF(操作台!$B$4="接龙导入",IFERROR(INDEX(计算区!$K$5:$K$25,35),""),""))} | K38: {=IF(操作台!$B$4="议程模板",_xlfn.LET(_xlpm.v,IFERROR(INDEX(_xlfn._xlws.FILTER(模板库!$L$2:$L$1000,(模板库!$B$2:$B$1000=操作台!$F$4)*(模板库!$E$2:$E$1000="item")),35),""),IF(OR(_xlpm.v="",_xlpm.v=0),"",_xlpm.v)),IF(操作台!$B$4="接龙导入",IFERROR(INDEX(计算区!$M$5:$M$25,35),""),""))} | Q38: =IF($B38="","",_xlfn.LET(_xlpm.m,IF($O38<>"",$O38,$J38),_xlpm.p,IF($P38<>"",$P38,IF($K38="","待定",$K38)),_xlpm.title,IF($L38<>"",$L38,$G38),_xlfn.TEXTJOIN("；",TRUE,IF(_xlpm.title="","缺少标题",""),IF(_xlpm.m="","缺少排程分钟",IF(NOT(ISNUMBER(_xlpm.m)),"排程分钟无效","")),IF(_xlpm.p="待定","负责人待定",""),IF(AND($A38>1,$F38=""),"前序排程中断","")))) | R38: =IF($B38="","",IF(OR($F38="",IF($O38<>"",NOT(ISNUMBER($O38)),NOT(ISNUMBER($J38)))),"",$F38+IF($O38<>"",$O38,$J38)/1440)) | S38: =IF($B38="",0,1) -> 0
A39: 36 | B39: {=IF(操作台!$B$4="议程模板",_xlfn.LET(_xlpm.v,IFERROR(INDEX(_xlfn._xlws.FILTER(模板库!$D$2:$D$1000,(模板库!$B$2:$B$1000=操作台!$F$4)*(模板库!$E$2:$E$1000="item")),36),""),IF(OR(_xlpm.v="",_xlpm.v=0),"",_xlpm.v)),IF(操作台!$B$4="接龙导入",IFERROR(INDEX(计算区!$F$5:$F$25,36),""),IF(COUNTA($L39:$P39)>0,"manual-"&TEXT($A39,"00"),"")))} | C39: {=IF(操作台!$B$4="议程模板",_xlfn.LET(_xlpm.v,IFERROR(INDEX(_xlfn._xlws.FILTER(模板库!$F$2:$F$1000,(模板库!$B$2:$B$1000=操作台!$F$4)*(模板库!$E$2:$E$1000="item")),36),""),IF(OR(_xlpm.v="",_xlpm.v=0),"",_xlpm.v)),IF(操作台!$B$4="接龙导入",IFERROR(INDEX(计算区!$G$5:$G$25,36),""),IF(COUNTA($L39:$P39)>0,1,"")))} | D39: {=IF(操作台!$B$4="议程模板",_xlfn.LET(_xlpm.v,IFERROR(INDEX(_xlfn._xlws.FILTER(模板库!$G$2:$G$1000,(模板库!$B$2:$B$1000=操作台!$F$4)*(模板库!$E$2:$E$1000="item")),36),""),IF(OR(_xlpm.v="",_xlpm.v=0),"",_xlpm.v)),IF(操作台!$B$4="接龙导入",IFERROR(INDEX(计算区!$H$5:$H$25,36),""),IF(COUNTA($L39:$P39)>0,"手工议程","")))} | E39: {=IF(操作台!$B$4="议程模板",_xlfn.LET(_xlpm.v,IFERROR(INDEX(_xlfn._xlws.FILTER(模板库!$M$2:$M$1000,(模板库!$B$2:$B$1000=操作台!$F$4)*(模板库!$E$2:$E$1000="item")),36),""),IF(OR(_xlpm.v="",_xlpm.v=0),"",_xlpm.v)),IF(操作台!$B$4="接龙导入",IFERROR(INDEX(计算区!$N$5:$N$25,36),""),IF(COUNTA($L39:$P39)>0,"plain","")))} | F39: =IF($B39="","",IF(COUNTIF($Q$4:$Q38,"*排程*")>0,"",IF(COUNTIF($B$4:$B38,"<>")=0,IF(操作台!$B$4="接龙导入",IF(计算区!$E$7<>"",计算区!$E$7,操作台!$F$10),操作台!$F$10),MAX($R$4:$R38)))) | G39: {=IF(操作台!$B$4="议程模板",_xlfn.LET(_xlpm.v,IFERROR(INDEX(_xlfn._xlws.FILTER(模板库!$H$2:$H$1000,(模板库!$B$2:$B$1000=操作台!$F$4)*(模板库!$E$2:$E$1000="item")),36),""),IF(OR(_xlpm.v="",_xlpm.v=0),"",_xlpm.v)),IF(操作台!$B$4="接龙导入",IFERROR(INDEX(计算区!$I$5:$I$25,36),""),""))} | H39: {=IF(操作台!$B$4="议程模板",_xlfn.LET(_xlpm.v,IFERROR(INDEX(_xlfn._xlws.FILTER(模板库!$I$2:$I$1000,(模板库!$B$2:$B$1000=操作台!$F$4)*(模板库!$E$2:$E$1000="item")),36),""),IF(OR(_xlpm.v="",_xlpm.v=0),"",_xlpm.v)),IF(操作台!$B$4="接龙导入","",""))} | I39: {=IF(操作台!$B$4="议程模板",_xlfn.LET(_xlpm.v,IFERROR(INDEX(_xlfn._xlws.FILTER(模板库!$J$2:$J$1000,(模板库!$B$2:$B$1000=操作台!$F$4)*(模板库!$E$2:$E$1000="item")),36),""),IF(OR(_xlpm.v="",_xlpm.v=0),"",_xlpm.v)),IF(操作台!$B$4="接龙导入",IFERROR(INDEX(计算区!$J$5:$J$25,36),""),""))} | J39: {=IF(操作台!$B$4="议程模板",_xlfn.LET(_xlpm.v,IFERROR(INDEX(_xlfn._xlws.FILTER(模板库!$K$2:$K$1000,(模板库!$B$2:$B$1000=操作台!$F$4)*(模板库!$E$2:$E$1000="item")),36),""),IF(OR(_xlpm.v="",_xlpm.v=0),"",_xlpm.v)),IF(操作台!$B$4="接龙导入",IFERROR(INDEX(计算区!$K$5:$K$25,36),""),""))} | K39: {=IF(操作台!$B$4="议程模板",_xlfn.LET(_xlpm.v,IFERROR(INDEX(_xlfn._xlws.FILTER(模板库!$L$2:$L$1000,(模板库!$B$2:$B$1000=操作台!$F$4)*(模板库!$E$2:$E$1000="item")),36),""),IF(OR(_xlpm.v="",_xlpm.v=0),"",_xlpm.v)),IF(操作台!$B$4="接龙导入",IFERROR(INDEX(计算区!$M$5:$M$25,36),""),""))} | Q39: =IF($B39="","",_xlfn.LET(_xlpm.m,IF($O39<>"",$O39,$J39),_xlpm.p,IF($P39<>"",$P39,IF($K39="","待定",$K39)),_xlpm.title,IF($L39<>"",$L39,$G39),_xlfn.TEXTJOIN("；",TRUE,IF(_xlpm.title="","缺少标题",""),IF(_xlpm.m="","缺少排程分钟",IF(NOT(ISNUMBER(_xlpm.m)),"排程分钟无效","")),IF(_xlpm.p="待定","负责人待定",""),IF(AND($A39>1,$F39=""),"前序排程中断","")))) | R39: =IF($B39="","",IF(OR($F39="",IF($O39<>"",NOT(ISNUMBER($O39)),NOT(ISNUMBER($J39)))),"",$F39+IF($O39<>"",$O39,$J39)/1440)) | S39: =IF($B39="",0,1) -> 0
A40: 37 | B40: {=IF(操作台!$B$4="议程模板",_xlfn.LET(_xlpm.v,IFERROR(INDEX(_xlfn._xlws.FILTER(模板库!$D$2:$D$1000,(模板库!$B$2:$B$1000=操作台!$F$4)*(模板库!$E$2:$E$1000="item")),37),""),IF(OR(_xlpm.v="",_xlpm.v=0),"",_xlpm.v)),IF(操作台!$B$4="接龙导入",IFERROR(INDEX(计算区!$F$5:$F$25,37),""),IF(COUNTA($L40:$P40)>0,"manual-"&TEXT($A40,"00"),"")))} | C40: {=IF(操作台!$B$4="议程模板",_xlfn.LET(_xlpm.v,IFERROR(INDEX(_xlfn._xlws.FILTER(模板库!$F$2:$F$1000,(模板库!$B$2:$B$1000=操作台!$F$4)*(模板库!$E$2:$E$1000="item")),37),""),IF(OR(_xlpm.v="",_xlpm.v=0),"",_xlpm.v)),IF(操作台!$B$4="接龙导入",IFERROR(INDEX(计算区!$G$5:$G$25,37),""),IF(COUNTA($L40:$P40)>0,1,"")))} | D40: {=IF(操作台!$B$4="议程模板",_xlfn.LET(_xlpm.v,IFERROR(INDEX(_xlfn._xlws.FILTER(模板库!$G$2:$G$1000,(模板库!$B$2:$B$1000=操作台!$F$4)*(模板库!$E$2:$E$1000="item")),37),""),IF(OR(_xlpm.v="",_xlpm.v=0),"",_xlpm.v)),IF(操作台!$B$4="接龙导入",IFERROR(INDEX(计算区!$H$5:$H$25,37),""),IF(COUNTA($L40:$P40)>0,"手工议程","")))} | E40: {=IF(操作台!$B$4="议程模板",_xlfn.LET(_xlpm.v,IFERROR(INDEX(_xlfn._xlws.FILTER(模板库!$M$2:$M$1000,(模板库!$B$2:$B$1000=操作台!$F$4)*(模板库!$E$2:$E$1000="item")),37),""),IF(OR(_xlpm.v="",_xlpm.v=0),"",_xlpm.v)),IF(操作台!$B$4="接龙导入",IFERROR(INDEX(计算区!$N$5:$N$25,37),""),IF(COUNTA($L40:$P40)>0,"plain","")))} | F40: =IF($B40="","",IF(COUNTIF($Q$4:$Q39,"*排程*")>0,"",IF(COUNTIF($B$4:$B39,"<>")=0,IF(操作台!$B$4="接龙导入",IF(计算区!$E$7<>"",计算区!$E$7,操作台!$F$10),操作台!$F$10),MAX($R$4:$R39)))) | G40: {=IF(操作台!$B$4="议程模板",_xlfn.LET(_xlpm.v,IFERROR(INDEX(_xlfn._xlws.FILTER(模板库!$H$2:$H$1000,(模板库!$B$2:$B$1000=操作台!$F$4)*(模板库!$E$2:$E$1000="item")),37),""),IF(OR(_xlpm.v="",_xlpm.v=0),"",_xlpm.v)),IF(操作台!$B$4="接龙导入",IFERROR(INDEX(计算区!$I$5:$I$25,37),""),""))} | H40: {=IF(操作台!$B$4="议程模板",_xlfn.LET(_xlpm.v,IFERROR(INDEX(_xlfn._xlws.FILTER(模板库!$I$2:$I$1000,(模板库!$B$2:$B$1000=操作台!$F$4)*(模板库!$E$2:$E$1000="item")),37),""),IF(OR(_xlpm.v="",_xlpm.v=0),"",_xlpm.v)),IF(操作台!$B$4="接龙导入","",""))} | I40: {=IF(操作台!$B$4="议程模板",_xlfn.LET(_xlpm.v,IFERROR(INDEX(_xlfn._xlws.FILTER(模板库!$J$2:$J$1000,(模板库!$B$2:$B$1000=操作台!$F$4)*(模板库!$E$2:$E$1000="item")),37),""),IF(OR(_xlpm.v="",_xlpm.v=0),"",_xlpm.v)),IF(操作台!$B$4="接龙导入",IFERROR(INDEX(计算区!$J$5:$J$25,37),""),""))} | J40: {=IF(操作台!$B$4="议程模板",_xlfn.LET(_xlpm.v,IFERROR(INDEX(_xlfn._xlws.FILTER(模板库!$K$2:$K$1000,(模板库!$B$2:$B$1000=操作台!$F$4)*(模板库!$E$2:$E$1000="item")),37),""),IF(OR(_xlpm.v="",_xlpm.v=0),"",_xlpm.v)),IF(操作台!$B$4="接龙导入",IFERROR(INDEX(计算区!$K$5:$K$25,37),""),""))} | K40: {=IF(操作台!$B$4="议程模板",_xlfn.LET(_xlpm.v,IFERROR(INDEX(_xlfn._xlws.FILTER(模板库!$L$2:$L$1000,(模板库!$B$2:$B$1000=操作台!$F$4)*(模板库!$E$2:$E$1000="item")),37),""),IF(OR(_xlpm.v="",_xlpm.v=0),"",_xlpm.v)),IF(操作台!$B$4="接龙导入",IFERROR(INDEX(计算区!$M$5:$M$25,37),""),""))} | Q40: =IF($B40="","",_xlfn.LET(_xlpm.m,IF($O40<>"",$O40,$J40),_xlpm.p,IF($P40<>"",$P40,IF($K40="","待定",$K40)),_xlpm.title,IF($L40<>"",$L40,$G40),_xlfn.TEXTJOIN("；",TRUE,IF(_xlpm.title="","缺少标题",""),IF(_xlpm.m="","缺少排程分钟",IF(NOT(ISNUMBER(_xlpm.m)),"排程分钟无效","")),IF(_xlpm.p="待定","负责人待定",""),IF(AND($A40>1,$F40=""),"前序排程中断","")))) | R40: =IF($B40="","",IF(OR($F40="",IF($O40<>"",NOT(ISNUMBER($O40)),NOT(ISNUMBER($J40)))),"",$F40+IF($O40<>"",$O40,$J40)/1440)) | S40: =IF($B40="",0,1) -> 0
A41: 38 | B41: {=IF(操作台!$B$4="议程模板",_xlfn.LET(_xlpm.v,IFERROR(INDEX(_xlfn._xlws.FILTER(模板库!$D$2:$D$1000,(模板库!$B$2:$B$1000=操作台!$F$4)*(模板库!$E$2:$E$1000="item")),38),""),IF(OR(_xlpm.v="",_xlpm.v=0),"",_xlpm.v)),IF(操作台!$B$4="接龙导入",IFERROR(INDEX(计算区!$F$5:$F$25,38),""),IF(COUNTA($L41:$P41)>0,"manual-"&TEXT($A41,"00"),"")))} | C41: {=IF(操作台!$B$4="议程模板",_xlfn.LET(_xlpm.v,IFERROR(INDEX(_xlfn._xlws.FILTER(模板库!$F$2:$F$1000,(模板库!$B$2:$B$1000=操作台!$F$4)*(模板库!$E$2:$E$1000="item")),38),""),IF(OR(_xlpm.v="",_xlpm.v=0),"",_xlpm.v)),IF(操作台!$B$4="接龙导入",IFERROR(INDEX(计算区!$G$5:$G$25,38),""),IF(COUNTA($L41:$P41)>0,1,"")))} | D41: {=IF(操作台!$B$4="议程模板",_xlfn.LET(_xlpm.v,IFERROR(INDEX(_xlfn._xlws.FILTER(模板库!$G$2:$G$1000,(模板库!$B$2:$B$1000=操作台!$F$4)*(模板库!$E$2:$E$1000="item")),38),""),IF(OR(_xlpm.v="",_xlpm.v=0),"",_xlpm.v)),IF(操作台!$B$4="接龙导入",IFERROR(INDEX(计算区!$H$5:$H$25,38),""),IF(COUNTA($L41:$P41)>0,"手工议程","")))} | E41: {=IF(操作台!$B$4="议程模板",_xlfn.LET(_xlpm.v,IFERROR(INDEX(_xlfn._xlws.FILTER(模板库!$M$2:$M$1000,(模板库!$B$2:$B$1000=操作台!$F$4)*(模板库!$E$2:$E$1000="item")),38),""),IF(OR(_xlpm.v="",_xlpm.v=0),"",_xlpm.v)),IF(操作台!$B$4="接龙导入",IFERROR(INDEX(计算区!$N$5:$N$25,38),""),IF(COUNTA($L41:$P41)>0,"plain","")))} | F41: =IF($B41="","",IF(COUNTIF($Q$4:$Q40,"*排程*")>0,"",IF(COUNTIF($B$4:$B40,"<>")=0,IF(操作台!$B$4="接龙导入",IF(计算区!$E$7<>"",计算区!$E$7,操作台!$F$10),操作台!$F$10),MAX($R$4:$R40)))) | G41: {=IF(操作台!$B$4="议程模板",_xlfn.LET(_xlpm.v,IFERROR(INDEX(_xlfn._xlws.FILTER(模板库!$H$2:$H$1000,(模板库!$B$2:$B$1000=操作台!$F$4)*(模板库!$E$2:$E$1000="item")),38),""),IF(OR(_xlpm.v="",_xlpm.v=0),"",_xlpm.v)),IF(操作台!$B$4="接龙导入",IFERROR(INDEX(计算区!$I$5:$I$25,38),""),""))} | H41: {=IF(操作台!$B$4="议程模板",_xlfn.LET(_xlpm.v,IFERROR(INDEX(_xlfn._xlws.FILTER(模板库!$I$2:$I$1000,(模板库!$B$2:$B$1000=操作台!$F$4)*(模板库!$E$2:$E$1000="item")),38),""),IF(OR(_xlpm.v="",_xlpm.v=0),"",_xlpm.v)),IF(操作台!$B$4="接龙导入","",""))} | I41: {=IF(操作台!$B$4="议程模板",_xlfn.LET(_xlpm.v,IFERROR(INDEX(_xlfn._xlws.FILTER(模板库!$J$2:$J$1000,(模板库!$B$2:$B$1000=操作台!$F$4)*(模板库!$E$2:$E$1000="item")),38),""),IF(OR(_xlpm.v="",_xlpm.v=0),"",_xlpm.v)),IF(操作台!$B$4="接龙导入",IFERROR(INDEX(计算区!$J$5:$J$25,38),""),""))} | J41: {=IF(操作台!$B$4="议程模板",_xlfn.LET(_xlpm.v,IFERROR(INDEX(_xlfn._xlws.FILTER(模板库!$K$2:$K$1000,(模板库!$B$2:$B$1000=操作台!$F$4)*(模板库!$E$2:$E$1000="item")),38),""),IF(OR(_xlpm.v="",_xlpm.v=0),"",_xlpm.v)),IF(操作台!$B$4="接龙导入",IFERROR(INDEX(计算区!$K$5:$K$25,38),""),""))} | K41: {=IF(操作台!$B$4="议程模板",_xlfn.LET(_xlpm.v,IFERROR(INDEX(_xlfn._xlws.FILTER(模板库!$L$2:$L$1000,(模板库!$B$2:$B$1000=操作台!$F$4)*(模板库!$E$2:$E$1000="item")),38),""),IF(OR(_xlpm.v="",_xlpm.v=0),"",_xlpm.v)),IF(操作台!$B$4="接龙导入",IFERROR(INDEX(计算区!$M$5:$M$25,38),""),""))} | Q41: =IF($B41="","",_xlfn.LET(_xlpm.m,IF($O41<>"",$O41,$J41),_xlpm.p,IF($P41<>"",$P41,IF($K41="","待定",$K41)),_xlpm.title,IF($L41<>"",$L41,$G41),_xlfn.TEXTJOIN("；",TRUE,IF(_xlpm.title="","缺少标题",""),IF(_xlpm.m="","缺少排程分钟",IF(NOT(ISNUMBER(_xlpm.m)),"排程分钟无效","")),IF(_xlpm.p="待定","负责人待定",""),IF(AND($A41>1,$F41=""),"前序排程中断","")))) | R41: =IF($B41="","",IF(OR($F41="",IF($O41<>"",NOT(ISNUMBER($O41)),NOT(ISNUMBER($J41)))),"",$F41+IF($O41<>"",$O41,$J41)/1440)) | S41: =IF($B41="",0,1) -> 0
A42: 39 | B42: {=IF(操作台!$B$4="议程模板",_xlfn.LET(_xlpm.v,IFERROR(INDEX(_xlfn._xlws.FILTER(模板库!$D$2:$D$1000,(模板库!$B$2:$B$1000=操作台!$F$4)*(模板库!$E$2:$E$1000="item")),39),""),IF(OR(_xlpm.v="",_xlpm.v=0),"",_xlpm.v)),IF(操作台!$B$4="接龙导入",IFERROR(INDEX(计算区!$F$5:$F$25,39),""),IF(COUNTA($L42:$P42)>0,"manual-"&TEXT($A42,"00"),"")))} | C42: {=IF(操作台!$B$4="议程模板",_xlfn.LET(_xlpm.v,IFERROR(INDEX(_xlfn._xlws.FILTER(模板库!$F$2:$F$1000,(模板库!$B$2:$B$1000=操作台!$F$4)*(模板库!$E$2:$E$1000="item")),39),""),IF(OR(_xlpm.v="",_xlpm.v=0),"",_xlpm.v)),IF(操作台!$B$4="接龙导入",IFERROR(INDEX(计算区!$G$5:$G$25,39),""),IF(COUNTA($L42:$P42)>0,1,"")))} | D42: {=IF(操作台!$B$4="议程模板",_xlfn.LET(_xlpm.v,IFERROR(INDEX(_xlfn._xlws.FILTER(模板库!$G$2:$G$1000,(模板库!$B$2:$B$1000=操作台!$F$4)*(模板库!$E$2:$E$1000="item")),39),""),IF(OR(_xlpm.v="",_xlpm.v=0),"",_xlpm.v)),IF(操作台!$B$4="接龙导入",IFERROR(INDEX(计算区!$H$5:$H$25,39),""),IF(COUNTA($L42:$P42)>0,"手工议程","")))} | E42: {=IF(操作台!$B$4="议程模板",_xlfn.LET(_xlpm.v,IFERROR(INDEX(_xlfn._xlws.FILTER(模板库!$M$2:$M$1000,(模板库!$B$2:$B$1000=操作台!$F$4)*(模板库!$E$2:$E$1000="item")),39),""),IF(OR(_xlpm.v="",_xlpm.v=0),"",_xlpm.v)),IF(操作台!$B$4="接龙导入",IFERROR(INDEX(计算区!$N$5:$N$25,39),""),IF(COUNTA($L42:$P42)>0,"plain","")))} | F42: =IF($B42="","",IF(COUNTIF($Q$4:$Q41,"*排程*")>0,"",IF(COUNTIF($B$4:$B41,"<>")=0,IF(操作台!$B$4="接龙导入",IF(计算区!$E$7<>"",计算区!$E$7,操作台!$F$10),操作台!$F$10),MAX($R$4:$R41)))) | G42: {=IF(操作台!$B$4="议程模板",_xlfn.LET(_xlpm.v,IFERROR(INDEX(_xlfn._xlws.FILTER(模板库!$H$2:$H$1000,(模板库!$B$2:$B$1000=操作台!$F$4)*(模板库!$E$2:$E$1000="item")),39),""),IF(OR(_xlpm.v="",_xlpm.v=0),"",_xlpm.v)),IF(操作台!$B$4="接龙导入",IFERROR(INDEX(计算区!$I$5:$I$25,39),""),""))} | H42: {=IF(操作台!$B$4="议程模板",_xlfn.LET(_xlpm.v,IFERROR(INDEX(_xlfn._xlws.FILTER(模板库!$I$2:$I$1000,(模板库!$B$2:$B$1000=操作台!$F$4)*(模板库!$E$2:$E$1000="item")),39),""),IF(OR(_xlpm.v="",_xlpm.v=0),"",_xlpm.v)),IF(操作台!$B$4="接龙导入","",""))} | I42: {=IF(操作台!$B$4="议程模板",_xlfn.LET(_xlpm.v,IFERROR(INDEX(_xlfn._xlws.FILTER(模板库!$J$2:$J$1000,(模板库!$B$2:$B$1000=操作台!$F$4)*(模板库!$E$2:$E$1000="item")),39),""),IF(OR(_xlpm.v="",_xlpm.v=0),"",_xlpm.v)),IF(操作台!$B$4="接龙导入",IFERROR(INDEX(计算区!$J$5:$J$25,39),""),""))} | J42: {=IF(操作台!$B$4="议程模板",_xlfn.LET(_xlpm.v,IFERROR(INDEX(_xlfn._xlws.FILTER(模板库!$K$2:$K$1000,(模板库!$B$2:$B$1000=操作台!$F$4)*(模板库!$E$2:$E$1000="item")),39),""),IF(OR(_xlpm.v="",_xlpm.v=0),"",_xlpm.v)),IF(操作台!$B$4="接龙导入",IFERROR(INDEX(计算区!$K$5:$K$25,39),""),""))} | K42: {=IF(操作台!$B$4="议程模板",_xlfn.LET(_xlpm.v,IFERROR(INDEX(_xlfn._xlws.FILTER(模板库!$L$2:$L$1000,(模板库!$B$2:$B$1000=操作台!$F$4)*(模板库!$E$2:$E$1000="item")),39),""),IF(OR(_xlpm.v="",_xlpm.v=0),"",_xlpm.v)),IF(操作台!$B$4="接龙导入",IFERROR(INDEX(计算区!$M$5:$M$25,39),""),""))} | Q42: =IF($B42="","",_xlfn.LET(_xlpm.m,IF($O42<>"",$O42,$J42),_xlpm.p,IF($P42<>"",$P42,IF($K42="","待定",$K42)),_xlpm.title,IF($L42<>"",$L42,$G42),_xlfn.TEXTJOIN("；",TRUE,IF(_xlpm.title="","缺少标题",""),IF(_xlpm.m="","缺少排程分钟",IF(NOT(ISNUMBER(_xlpm.m)),"排程分钟无效","")),IF(_xlpm.p="待定","负责人待定",""),IF(AND($A42>1,$F42=""),"前序排程中断","")))) | R42: =IF($B42="","",IF(OR($F42="",IF($O42<>"",NOT(ISNUMBER($O42)),NOT(ISNUMBER($J42)))),"",$F42+IF($O42<>"",$O42,$J42)/1440)) | S42: =IF($B42="",0,1) -> 0
A43: 40 | B43: {=IF(操作台!$B$4="议程模板",_xlfn.LET(_xlpm.v,IFERROR(INDEX(_xlfn._xlws.FILTER(模板库!$D$2:$D$1000,(模板库!$B$2:$B$1000=操作台!$F$4)*(模板库!$E$2:$E$1000="item")),40),""),IF(OR(_xlpm.v="",_xlpm.v=0),"",_xlpm.v)),IF(操作台!$B$4="接龙导入",IFERROR(INDEX(计算区!$F$5:$F$25,40),""),IF(COUNTA($L43:$P43)>0,"manual-"&TEXT($A43,"00"),"")))} | C43: {=IF(操作台!$B$4="议程模板",_xlfn.LET(_xlpm.v,IFERROR(INDEX(_xlfn._xlws.FILTER(模板库!$F$2:$F$1000,(模板库!$B$2:$B$1000=操作台!$F$4)*(模板库!$E$2:$E$1000="item")),40),""),IF(OR(_xlpm.v="",_xlpm.v=0),"",_xlpm.v)),IF(操作台!$B$4="接龙导入",IFERROR(INDEX(计算区!$G$5:$G$25,40),""),IF(COUNTA($L43:$P43)>0,1,"")))} | D43: {=IF(操作台!$B$4="议程模板",_xlfn.LET(_xlpm.v,IFERROR(INDEX(_xlfn._xlws.FILTER(模板库!$G$2:$G$1000,(模板库!$B$2:$B$1000=操作台!$F$4)*(模板库!$E$2:$E$1000="item")),40),""),IF(OR(_xlpm.v="",_xlpm.v=0),"",_xlpm.v)),IF(操作台!$B$4="接龙导入",IFERROR(INDEX(计算区!$H$5:$H$25,40),""),IF(COUNTA($L43:$P43)>0,"手工议程","")))} | E43: {=IF(操作台!$B$4="议程模板",_xlfn.LET(_xlpm.v,IFERROR(INDEX(_xlfn._xlws.FILTER(模板库!$M$2:$M$1000,(模板库!$B$2:$B$1000=操作台!$F$4)*(模板库!$E$2:$E$1000="item")),40),""),IF(OR(_xlpm.v="",_xlpm.v=0),"",_xlpm.v)),IF(操作台!$B$4="接龙导入",IFERROR(INDEX(计算区!$N$5:$N$25,40),""),IF(COUNTA($L43:$P43)>0,"plain","")))} | F43: =IF($B43="","",IF(COUNTIF($Q$4:$Q42,"*排程*")>0,"",IF(COUNTIF($B$4:$B42,"<>")=0,IF(操作台!$B$4="接龙导入",IF(计算区!$E$7<>"",计算区!$E$7,操作台!$F$10),操作台!$F$10),MAX($R$4:$R42)))) | G43: {=IF(操作台!$B$4="议程模板",_xlfn.LET(_xlpm.v,IFERROR(INDEX(_xlfn._xlws.FILTER(模板库!$H$2:$H$1000,(模板库!$B$2:$B$1000=操作台!$F$4)*(模板库!$E$2:$E$1000="item")),40),""),IF(OR(_xlpm.v="",_xlpm.v=0),"",_xlpm.v)),IF(操作台!$B$4="接龙导入",IFERROR(INDEX(计算区!$I$5:$I$25,40),""),""))} | H43: {=IF(操作台!$B$4="议程模板",_xlfn.LET(_xlpm.v,IFERROR(INDEX(_xlfn._xlws.FILTER(模板库!$I$2:$I$1000,(模板库!$B$2:$B$1000=操作台!$F$4)*(模板库!$E$2:$E$1000="item")),40),""),IF(OR(_xlpm.v="",_xlpm.v=0),"",_xlpm.v)),IF(操作台!$B$4="接龙导入","",""))} | I43: {=IF(操作台!$B$4="议程模板",_xlfn.LET(_xlpm.v,IFERROR(INDEX(_xlfn._xlws.FILTER(模板库!$J$2:$J$1000,(模板库!$B$2:$B$1000=操作台!$F$4)*(模板库!$E$2:$E$1000="item")),40),""),IF(OR(_xlpm.v="",_xlpm.v=0),"",_xlpm.v)),IF(操作台!$B$4="接龙导入",IFERROR(INDEX(计算区!$J$5:$J$25,40),""),""))} | J43: {=IF(操作台!$B$4="议程模板",_xlfn.LET(_xlpm.v,IFERROR(INDEX(_xlfn._xlws.FILTER(模板库!$K$2:$K$1000,(模板库!$B$2:$B$1000=操作台!$F$4)*(模板库!$E$2:$E$1000="item")),40),""),IF(OR(_xlpm.v="",_xlpm.v=0),"",_xlpm.v)),IF(操作台!$B$4="接龙导入",IFERROR(INDEX(计算区!$K$5:$K$25,40),""),""))} | K43: {=IF(操作台!$B$4="议程模板",_xlfn.LET(_xlpm.v,IFERROR(INDEX(_xlfn._xlws.FILTER(模板库!$L$2:$L$1000,(模板库!$B$2:$B$1000=操作台!$F$4)*(模板库!$E$2:$E$1000="item")),40),""),IF(OR(_xlpm.v="",_xlpm.v=0),"",_xlpm.v)),IF(操作台!$B$4="接龙导入",IFERROR(INDEX(计算区!$M$5:$M$25,40),""),""))} | Q43: =IF($B43="","",_xlfn.LET(_xlpm.m,IF($O43<>"",$O43,$J43),_xlpm.p,IF($P43<>"",$P43,IF($K43="","待定",$K43)),_xlpm.title,IF($L43<>"",$L43,$G43),_xlfn.TEXTJOIN("；",TRUE,IF(_xlpm.title="","缺少标题",""),IF(_xlpm.m="","缺少排程分钟",IF(NOT(ISNUMBER(_xlpm.m)),"排程分钟无效","")),IF(_xlpm.p="待定","负责人待定",""),IF(AND($A43>1,$F43=""),"前序排程中断","")))) | R43: =IF($B43="","",IF(OR($F43="",IF($O43<>"",NOT(ISNUMBER($O43)),NOT(ISNUMBER($J43)))),"",$F43+IF($O43<>"",$O43,$J43)/1440)) | S43: =IF($B43="",0,1) -> 0
A44: 41 | B44: {=IF(操作台!$B$4="议程模板",_xlfn.LET(_xlpm.v,IFERROR(INDEX(_xlfn._xlws.FILTER(模板库!$D$2:$D$1000,(模板库!$B$2:$B$1000=操作台!$F$4)*(模板库!$E$2:$E$1000="item")),41),""),IF(OR(_xlpm.v="",_xlpm.v=0),"",_xlpm.v)),IF(操作台!$B$4="接龙导入",IFERROR(INDEX(计算区!$F$5:$F$25,41),""),IF(COUNTA($L44:$P44)>0,"manual-"&TEXT($A44,"00"),"")))} | C44: {=IF(操作台!$B$4="议程模板",_xlfn.LET(_xlpm.v,IFERROR(INDEX(_xlfn._xlws.FILTER(模板库!$F$2:$F$1000,(模板库!$B$2:$B$1000=操作台!$F$4)*(模板库!$E$2:$E$1000="item")),41),""),IF(OR(_xlpm.v="",_xlpm.v=0),"",_xlpm.v)),IF(操作台!$B$4="接龙导入",IFERROR(INDEX(计算区!$G$5:$G$25,41),""),IF(COUNTA($L44:$P44)>0,1,"")))} | D44: {=IF(操作台!$B$4="议程模板",_xlfn.LET(_xlpm.v,IFERROR(INDEX(_xlfn._xlws.FILTER(模板库!$G$2:$G$1000,(模板库!$B$2:$B$1000=操作台!$F$4)*(模板库!$E$2:$E$1000="item")),41),""),IF(OR(_xlpm.v="",_xlpm.v=0),"",_xlpm.v)),IF(操作台!$B$4="接龙导入",IFERROR(INDEX(计算区!$H$5:$H$25,41),""),IF(COUNTA($L44:$P44)>0,"手工议程","")))} | E44: {=IF(操作台!$B$4="议程模板",_xlfn.LET(_xlpm.v,IFERROR(INDEX(_xlfn._xlws.FILTER(模板库!$M$2:$M$1000,(模板库!$B$2:$B$1000=操作台!$F$4)*(模板库!$E$2:$E$1000="item")),41),""),IF(OR(_xlpm.v="",_xlpm.v=0),"",_xlpm.v)),IF(操作台!$B$4="接龙导入",IFERROR(INDEX(计算区!$N$5:$N$25,41),""),IF(COUNTA($L44:$P44)>0,"plain","")))} | F44: =IF($B44="","",IF(COUNTIF($Q$4:$Q43,"*排程*")>0,"",IF(COUNTIF($B$4:$B43,"<>")=0,IF(操作台!$B$4="接龙导入",IF(计算区!$E$7<>"",计算区!$E$7,操作台!$F$10),操作台!$F$10),MAX($R$4:$R43)))) | G44: {=IF(操作台!$B$4="议程模板",_xlfn.LET(_xlpm.v,IFERROR(INDEX(_xlfn._xlws.FILTER(模板库!$H$2:$H$1000,(模板库!$B$2:$B$1000=操作台!$F$4)*(模板库!$E$2:$E$1000="item")),41),""),IF(OR(_xlpm.v="",_xlpm.v=0),"",_xlpm.v)),IF(操作台!$B$4="接龙导入",IFERROR(INDEX(计算区!$I$5:$I$25,41),""),""))} | H44: {=IF(操作台!$B$4="议程模板",_xlfn.LET(_xlpm.v,IFERROR(INDEX(_xlfn._xlws.FILTER(模板库!$I$2:$I$1000,(模板库!$B$2:$B$1000=操作台!$F$4)*(模板库!$E$2:$E$1000="item")),41),""),IF(OR(_xlpm.v="",_xlpm.v=0),"",_xlpm.v)),IF(操作台!$B$4="接龙导入","",""))} | I44: {=IF(操作台!$B$4="议程模板",_xlfn.LET(_xlpm.v,IFERROR(INDEX(_xlfn._xlws.FILTER(模板库!$J$2:$J$1000,(模板库!$B$2:$B$1000=操作台!$F$4)*(模板库!$E$2:$E$1000="item")),41),""),IF(OR(_xlpm.v="",_xlpm.v=0),"",_xlpm.v)),IF(操作台!$B$4="接龙导入",IFERROR(INDEX(计算区!$J$5:$J$25,41),""),""))} | J44: {=IF(操作台!$B$4="议程模板",_xlfn.LET(_xlpm.v,IFERROR(INDEX(_xlfn._xlws.FILTER(模板库!$K$2:$K$1000,(模板库!$B$2:$B$1000=操作台!$F$4)*(模板库!$E$2:$E$1000="item")),41),""),IF(OR(_xlpm.v="",_xlpm.v=0),"",_xlpm.v)),IF(操作台!$B$4="接龙导入",IFERROR(INDEX(计算区!$K$5:$K$25,41),""),""))} | K44: {=IF(操作台!$B$4="议程模板",_xlfn.LET(_xlpm.v,IFERROR(INDEX(_xlfn._xlws.FILTER(模板库!$L$2:$L$1000,(模板库!$B$2:$B$1000=操作台!$F$4)*(模板库!$E$2:$E$1000="item")),41),""),IF(OR(_xlpm.v="",_xlpm.v=0),"",_xlpm.v)),IF(操作台!$B$4="接龙导入",IFERROR(INDEX(计算区!$M$5:$M$25,41),""),""))} | Q44: =IF($B44="","",_xlfn.LET(_xlpm.m,IF($O44<>"",$O44,$J44),_xlpm.p,IF($P44<>"",$P44,IF($K44="","待定",$K44)),_xlpm.title,IF($L44<>"",$L44,$G44),_xlfn.TEXTJOIN("；",TRUE,IF(_xlpm.title="","缺少标题",""),IF(_xlpm.m="","缺少排程分钟",IF(NOT(ISNUMBER(_xlpm.m)),"排程分钟无效","")),IF(_xlpm.p="待定","负责人待定",""),IF(AND($A44>1,$F44=""),"前序排程中断","")))) | R44: =IF($B44="","",IF(OR($F44="",IF($O44<>"",NOT(ISNUMBER($O44)),NOT(ISNUMBER($J44)))),"",$F44+IF($O44<>"",$O44,$J44)/1440)) | S44: =IF($B44="",0,1) -> 0
A45: 42 | B45: {=IF(操作台!$B$4="议程模板",_xlfn.LET(_xlpm.v,IFERROR(INDEX(_xlfn._xlws.FILTER(模板库!$D$2:$D$1000,(模板库!$B$2:$B$1000=操作台!$F$4)*(模板库!$E$2:$E$1000="item")),42),""),IF(OR(_xlpm.v="",_xlpm.v=0),"",_xlpm.v)),IF(操作台!$B$4="接龙导入",IFERROR(INDEX(计算区!$F$5:$F$25,42),""),IF(COUNTA($L45:$P45)>0,"manual-"&TEXT($A45,"00"),"")))} | C45: {=IF(操作台!$B$4="议程模板",_xlfn.LET(_xlpm.v,IFERROR(INDEX(_xlfn._xlws.FILTER(模板库!$F$2:$F$1000,(模板库!$B$2:$B$1000=操作台!$F$4)*(模板库!$E$2:$E$1000="item")),42),""),IF(OR(_xlpm.v="",_xlpm.v=0),"",_xlpm.v)),IF(操作台!$B$4="接龙导入",IFERROR(INDEX(计算区!$G$5:$G$25,42),""),IF(COUNTA($L45:$P45)>0,1,"")))} | D45: {=IF(操作台!$B$4="议程模板",_xlfn.LET(_xlpm.v,IFERROR(INDEX(_xlfn._xlws.FILTER(模板库!$G$2:$G$1000,(模板库!$B$2:$B$1000=操作台!$F$4)*(模板库!$E$2:$E$1000="item")),42),""),IF(OR(_xlpm.v="",_xlpm.v=0),"",_xlpm.v)),IF(操作台!$B$4="接龙导入",IFERROR(INDEX(计算区!$H$5:$H$25,42),""),IF(COUNTA($L45:$P45)>0,"手工议程","")))} | E45: {=IF(操作台!$B$4="议程模板",_xlfn.LET(_xlpm.v,IFERROR(INDEX(_xlfn._xlws.FILTER(模板库!$M$2:$M$1000,(模板库!$B$2:$B$1000=操作台!$F$4)*(模板库!$E$2:$E$1000="item")),42),""),IF(OR(_xlpm.v="",_xlpm.v=0),"",_xlpm.v)),IF(操作台!$B$4="接龙导入",IFERROR(INDEX(计算区!$N$5:$N$25,42),""),IF(COUNTA($L45:$P45)>0,"plain","")))} | F45: =IF($B45="","",IF(COUNTIF($Q$4:$Q44,"*排程*")>0,"",IF(COUNTIF($B$4:$B44,"<>")=0,IF(操作台!$B$4="接龙导入",IF(计算区!$E$7<>"",计算区!$E$7,操作台!$F$10),操作台!$F$10),MAX($R$4:$R44)))) | G45: {=IF(操作台!$B$4="议程模板",_xlfn.LET(_xlpm.v,IFERROR(INDEX(_xlfn._xlws.FILTER(模板库!$H$2:$H$1000,(模板库!$B$2:$B$1000=操作台!$F$4)*(模板库!$E$2:$E$1000="item")),42),""),IF(OR(_xlpm.v="",_xlpm.v=0),"",_xlpm.v)),IF(操作台!$B$4="接龙导入",IFERROR(INDEX(计算区!$I$5:$I$25,42),""),""))} | H45: {=IF(操作台!$B$4="议程模板",_xlfn.LET(_xlpm.v,IFERROR(INDEX(_xlfn._xlws.FILTER(模板库!$I$2:$I$1000,(模板库!$B$2:$B$1000=操作台!$F$4)*(模板库!$E$2:$E$1000="item")),42),""),IF(OR(_xlpm.v="",_xlpm.v=0),"",_xlpm.v)),IF(操作台!$B$4="接龙导入","",""))} | I45: {=IF(操作台!$B$4="议程模板",_xlfn.LET(_xlpm.v,IFERROR(INDEX(_xlfn._xlws.FILTER(模板库!$J$2:$J$1000,(模板库!$B$2:$B$1000=操作台!$F$4)*(模板库!$E$2:$E$1000="item")),42),""),IF(OR(_xlpm.v="",_xlpm.v=0),"",_xlpm.v)),IF(操作台!$B$4="接龙导入",IFERROR(INDEX(计算区!$J$5:$J$25,42),""),""))} | J45: {=IF(操作台!$B$4="议程模板",_xlfn.LET(_xlpm.v,IFERROR(INDEX(_xlfn._xlws.FILTER(模板库!$K$2:$K$1000,(模板库!$B$2:$B$1000=操作台!$F$4)*(模板库!$E$2:$E$1000="item")),42),""),IF(OR(_xlpm.v="",_xlpm.v=0),"",_xlpm.v)),IF(操作台!$B$4="接龙导入",IFERROR(INDEX(计算区!$K$5:$K$25,42),""),""))} | K45: {=IF(操作台!$B$4="议程模板",_xlfn.LET(_xlpm.v,IFERROR(INDEX(_xlfn._xlws.FILTER(模板库!$L$2:$L$1000,(模板库!$B$2:$B$1000=操作台!$F$4)*(模板库!$E$2:$E$1000="item")),42),""),IF(OR(_xlpm.v="",_xlpm.v=0),"",_xlpm.v)),IF(操作台!$B$4="接龙导入",IFERROR(INDEX(计算区!$M$5:$M$25,42),""),""))} | Q45: =IF($B45="","",_xlfn.LET(_xlpm.m,IF($O45<>"",$O45,$J45),_xlpm.p,IF($P45<>"",$P45,IF($K45="","待定",$K45)),_xlpm.title,IF($L45<>"",$L45,$G45),_xlfn.TEXTJOIN("；",TRUE,IF(_xlpm.title="","缺少标题",""),IF(_xlpm.m="","缺少排程分钟",IF(NOT(ISNUMBER(_xlpm.m)),"排程分钟无效","")),IF(_xlpm.p="待定","负责人待定",""),IF(AND($A45>1,$F45=""),"前序排程中断","")))) | R45: =IF($B45="","",IF(OR($F45="",IF($O45<>"",NOT(ISNUMBER($O45)),NOT(ISNUMBER($J45)))),"",$F45+IF($O45<>"",$O45,$J45)/1440)) | S45: =IF($B45="",0,1) -> 0
A46: 43 | B46: {=IF(操作台!$B$4="议程模板",_xlfn.LET(_xlpm.v,IFERROR(INDEX(_xlfn._xlws.FILTER(模板库!$D$2:$D$1000,(模板库!$B$2:$B$1000=操作台!$F$4)*(模板库!$E$2:$E$1000="item")),43),""),IF(OR(_xlpm.v="",_xlpm.v=0),"",_xlpm.v)),IF(操作台!$B$4="接龙导入",IFERROR(INDEX(计算区!$F$5:$F$25,43),""),IF(COUNTA($L46:$P46)>0,"manual-"&TEXT($A46,"00"),"")))} | C46: {=IF(操作台!$B$4="议程模板",_xlfn.LET(_xlpm.v,IFERROR(INDEX(_xlfn._xlws.FILTER(模板库!$F$2:$F$1000,(模板库!$B$2:$B$1000=操作台!$F$4)*(模板库!$E$2:$E$1000="item")),43),""),IF(OR(_xlpm.v="",_xlpm.v=0),"",_xlpm.v)),IF(操作台!$B$4="接龙导入",IFERROR(INDEX(计算区!$G$5:$G$25,43),""),IF(COUNTA($L46:$P46)>0,1,"")))} | D46: {=IF(操作台!$B$4="议程模板",_xlfn.LET(_xlpm.v,IFERROR(INDEX(_xlfn._xlws.FILTER(模板库!$G$2:$G$1000,(模板库!$B$2:$B$1000=操作台!$F$4)*(模板库!$E$2:$E$1000="item")),43),""),IF(OR(_xlpm.v="",_xlpm.v=0),"",_xlpm.v)),IF(操作台!$B$4="接龙导入",IFERROR(INDEX(计算区!$H$5:$H$25,43),""),IF(COUNTA($L46:$P46)>0,"手工议程","")))} | E46: {=IF(操作台!$B$4="议程模板",_xlfn.LET(_xlpm.v,IFERROR(INDEX(_xlfn._xlws.FILTER(模板库!$M$2:$M$1000,(模板库!$B$2:$B$1000=操作台!$F$4)*(模板库!$E$2:$E$1000="item")),43),""),IF(OR(_xlpm.v="",_xlpm.v=0),"",_xlpm.v)),IF(操作台!$B$4="接龙导入",IFERROR(INDEX(计算区!$N$5:$N$25,43),""),IF(COUNTA($L46:$P46)>0,"plain","")))} | F46: =IF($B46="","",IF(COUNTIF($Q$4:$Q45,"*排程*")>0,"",IF(COUNTIF($B$4:$B45,"<>")=0,IF(操作台!$B$4="接龙导入",IF(计算区!$E$7<>"",计算区!$E$7,操作台!$F$10),操作台!$F$10),MAX($R$4:$R45)))) | G46: {=IF(操作台!$B$4="议程模板",_xlfn.LET(_xlpm.v,IFERROR(INDEX(_xlfn._xlws.FILTER(模板库!$H$2:$H$1000,(模板库!$B$2:$B$1000=操作台!$F$4)*(模板库!$E$2:$E$1000="item")),43),""),IF(OR(_xlpm.v="",_xlpm.v=0),"",_xlpm.v)),IF(操作台!$B$4="接龙导入",IFERROR(INDEX(计算区!$I$5:$I$25,43),""),""))} | H46: {=IF(操作台!$B$4="议程模板",_xlfn.LET(_xlpm.v,IFERROR(INDEX(_xlfn._xlws.FILTER(模板库!$I$2:$I$1000,(模板库!$B$2:$B$1000=操作台!$F$4)*(模板库!$E$2:$E$1000="item")),43),""),IF(OR(_xlpm.v="",_xlpm.v=0),"",_xlpm.v)),IF(操作台!$B$4="接龙导入","",""))} | I46: {=IF(操作台!$B$4="议程模板",_xlfn.LET(_xlpm.v,IFERROR(INDEX(_xlfn._xlws.FILTER(模板库!$J$2:$J$1000,(模板库!$B$2:$B$1000=操作台!$F$4)*(模板库!$E$2:$E$1000="item")),43),""),IF(OR(_xlpm.v="",_xlpm.v=0),"",_xlpm.v)),IF(操作台!$B$4="接龙导入",IFERROR(INDEX(计算区!$J$5:$J$25,43),""),""))} | J46: {=IF(操作台!$B$4="议程模板",_xlfn.LET(_xlpm.v,IFERROR(INDEX(_xlfn._xlws.FILTER(模板库!$K$2:$K$1000,(模板库!$B$2:$B$1000=操作台!$F$4)*(模板库!$E$2:$E$1000="item")),43),""),IF(OR(_xlpm.v="",_xlpm.v=0),"",_xlpm.v)),IF(操作台!$B$4="接龙导入",IFERROR(INDEX(计算区!$K$5:$K$25,43),""),""))} | K46: {=IF(操作台!$B$4="议程模板",_xlfn.LET(_xlpm.v,IFERROR(INDEX(_xlfn._xlws.FILTER(模板库!$L$2:$L$1000,(模板库!$B$2:$B$1000=操作台!$F$4)*(模板库!$E$2:$E$1000="item")),43),""),IF(OR(_xlpm.v="",_xlpm.v=0),"",_xlpm.v)),IF(操作台!$B$4="接龙导入",IFERROR(INDEX(计算区!$M$5:$M$25,43),""),""))} | Q46: =IF($B46="","",_xlfn.LET(_xlpm.m,IF($O46<>"",$O46,$J46),_xlpm.p,IF($P46<>"",$P46,IF($K46="","待定",$K46)),_xlpm.title,IF($L46<>"",$L46,$G46),_xlfn.TEXTJOIN("；",TRUE,IF(_xlpm.title="","缺少标题",""),IF(_xlpm.m="","缺少排程分钟",IF(NOT(ISNUMBER(_xlpm.m)),"排程分钟无效","")),IF(_xlpm.p="待定","负责人待定",""),IF(AND($A46>1,$F46=""),"前序排程中断","")))) | R46: =IF($B46="","",IF(OR($F46="",IF($O46<>"",NOT(ISNUMBER($O46)),NOT(ISNUMBER($J46)))),"",$F46+IF($O46<>"",$O46,$J46)/1440)) | S46: =IF($B46="",0,1) -> 0
A47: 44 | B47: {=IF(操作台!$B$4="议程模板",_xlfn.LET(_xlpm.v,IFERROR(INDEX(_xlfn._xlws.FILTER(模板库!$D$2:$D$1000,(模板库!$B$2:$B$1000=操作台!$F$4)*(模板库!$E$2:$E$1000="item")),44),""),IF(OR(_xlpm.v="",_xlpm.v=0),"",_xlpm.v)),IF(操作台!$B$4="接龙导入",IFERROR(INDEX(计算区!$F$5:$F$25,44),""),IF(COUNTA($L47:$P47)>0,"manual-"&TEXT($A47,"00"),"")))} | C47: {=IF(操作台!$B$4="议程模板",_xlfn.LET(_xlpm.v,IFERROR(INDEX(_xlfn._xlws.FILTER(模板库!$F$2:$F$1000,(模板库!$B$2:$B$1000=操作台!$F$4)*(模板库!$E$2:$E$1000="item")),44),""),IF(OR(_xlpm.v="",_xlpm.v=0),"",_xlpm.v)),IF(操作台!$B$4="接龙导入",IFERROR(INDEX(计算区!$G$5:$G$25,44),""),IF(COUNTA($L47:$P47)>0,1,"")))} | D47: {=IF(操作台!$B$4="议程模板",_xlfn.LET(_xlpm.v,IFERROR(INDEX(_xlfn._xlws.FILTER(模板库!$G$2:$G$1000,(模板库!$B$2:$B$1000=操作台!$F$4)*(模板库!$E$2:$E$1000="item")),44),""),IF(OR(_xlpm.v="",_xlpm.v=0),"",_xlpm.v)),IF(操作台!$B$4="接龙导入",IFERROR(INDEX(计算区!$H$5:$H$25,44),""),IF(COUNTA($L47:$P47)>0,"手工议程","")))} | E47: {=IF(操作台!$B$4="议程模板",_xlfn.LET(_xlpm.v,IFERROR(INDEX(_xlfn._xlws.FILTER(模板库!$M$2:$M$1000,(模板库!$B$2:$B$1000=操作台!$F$4)*(模板库!$E$2:$E$1000="item")),44),""),IF(OR(_xlpm.v="",_xlpm.v=0),"",_xlpm.v)),IF(操作台!$B$4="接龙导入",IFERROR(INDEX(计算区!$N$5:$N$25,44),""),IF(COUNTA($L47:$P47)>0,"plain","")))} | F47: =IF($B47="","",IF(COUNTIF($Q$4:$Q46,"*排程*")>0,"",IF(COUNTIF($B$4:$B46,"<>")=0,IF(操作台!$B$4="接龙导入",IF(计算区!$E$7<>"",计算区!$E$7,操作台!$F$10),操作台!$F$10),MAX($R$4:$R46)))) | G47: {=IF(操作台!$B$4="议程模板",_xlfn.LET(_xlpm.v,IFERROR(INDEX(_xlfn._xlws.FILTER(模板库!$H$2:$H$1000,(模板库!$B$2:$B$1000=操作台!$F$4)*(模板库!$E$2:$E$1000="item")),44),""),IF(OR(_xlpm.v="",_xlpm.v=0),"",_xlpm.v)),IF(操作台!$B$4="接龙导入",IFERROR(INDEX(计算区!$I$5:$I$25,44),""),""))} | H47: {=IF(操作台!$B$4="议程模板",_xlfn.LET(_xlpm.v,IFERROR(INDEX(_xlfn._xlws.FILTER(模板库!$I$2:$I$1000,(模板库!$B$2:$B$1000=操作台!$F$4)*(模板库!$E$2:$E$1000="item")),44),""),IF(OR(_xlpm.v="",_xlpm.v=0),"",_xlpm.v)),IF(操作台!$B$4="接龙导入","",""))} | I47: {=IF(操作台!$B$4="议程模板",_xlfn.LET(_xlpm.v,IFERROR(INDEX(_xlfn._xlws.FILTER(模板库!$J$2:$J$1000,(模板库!$B$2:$B$1000=操作台!$F$4)*(模板库!$E$2:$E$1000="item")),44),""),IF(OR(_xlpm.v="",_xlpm.v=0),"",_xlpm.v)),IF(操作台!$B$4="接龙导入",IFERROR(INDEX(计算区!$J$5:$J$25,44),""),""))} | J47: {=IF(操作台!$B$4="议程模板",_xlfn.LET(_xlpm.v,IFERROR(INDEX(_xlfn._xlws.FILTER(模板库!$K$2:$K$1000,(模板库!$B$2:$B$1000=操作台!$F$4)*(模板库!$E$2:$E$1000="item")),44),""),IF(OR(_xlpm.v="",_xlpm.v=0),"",_xlpm.v)),IF(操作台!$B$4="接龙导入",IFERROR(INDEX(计算区!$K$5:$K$25,44),""),""))} | K47: {=IF(操作台!$B$4="议程模板",_xlfn.LET(_xlpm.v,IFERROR(INDEX(_xlfn._xlws.FILTER(模板库!$L$2:$L$1000,(模板库!$B$2:$B$1000=操作台!$F$4)*(模板库!$E$2:$E$1000="item")),44),""),IF(OR(_xlpm.v="",_xlpm.v=0),"",_xlpm.v)),IF(操作台!$B$4="接龙导入",IFERROR(INDEX(计算区!$M$5:$M$25,44),""),""))} | Q47: =IF($B47="","",_xlfn.LET(_xlpm.m,IF($O47<>"",$O47,$J47),_xlpm.p,IF($P47<>"",$P47,IF($K47="","待定",$K47)),_xlpm.title,IF($L47<>"",$L47,$G47),_xlfn.TEXTJOIN("；",TRUE,IF(_xlpm.title="","缺少标题",""),IF(_xlpm.m="","缺少排程分钟",IF(NOT(ISNUMBER(_xlpm.m)),"排程分钟无效","")),IF(_xlpm.p="待定","负责人待定",""),IF(AND($A47>1,$F47=""),"前序排程中断","")))) | R47: =IF($B47="","",IF(OR($F47="",IF($O47<>"",NOT(ISNUMBER($O47)),NOT(ISNUMBER($J47)))),"",$F47+IF($O47<>"",$O47,$J47)/1440)) | S47: =IF($B47="",0,1) -> 0
A48: 45 | B48: {=IF(操作台!$B$4="议程模板",_xlfn.LET(_xlpm.v,IFERROR(INDEX(_xlfn._xlws.FILTER(模板库!$D$2:$D$1000,(模板库!$B$2:$B$1000=操作台!$F$4)*(模板库!$E$2:$E$1000="item")),45),""),IF(OR(_xlpm.v="",_xlpm.v=0),"",_xlpm.v)),IF(操作台!$B$4="接龙导入",IFERROR(INDEX(计算区!$F$5:$F$25,45),""),IF(COUNTA($L48:$P48)>0,"manual-"&TEXT($A48,"00"),"")))} | C48: {=IF(操作台!$B$4="议程模板",_xlfn.LET(_xlpm.v,IFERROR(INDEX(_xlfn._xlws.FILTER(模板库!$F$2:$F$1000,(模板库!$B$2:$B$1000=操作台!$F$4)*(模板库!$E$2:$E$1000="item")),45),""),IF(OR(_xlpm.v="",_xlpm.v=0),"",_xlpm.v)),IF(操作台!$B$4="接龙导入",IFERROR(INDEX(计算区!$G$5:$G$25,45),""),IF(COUNTA($L48:$P48)>0,1,"")))} | D48: {=IF(操作台!$B$4="议程模板",_xlfn.LET(_xlpm.v,IFERROR(INDEX(_xlfn._xlws.FILTER(模板库!$G$2:$G$1000,(模板库!$B$2:$B$1000=操作台!$F$4)*(模板库!$E$2:$E$1000="item")),45),""),IF(OR(_xlpm.v="",_xlpm.v=0),"",_xlpm.v)),IF(操作台!$B$4="接龙导入",IFERROR(INDEX(计算区!$H$5:$H$25,45),""),IF(COUNTA($L48:$P48)>0,"手工议程","")))} | E48: {=IF(操作台!$B$4="议程模板",_xlfn.LET(_xlpm.v,IFERROR(INDEX(_xlfn._xlws.FILTER(模板库!$M$2:$M$1000,(模板库!$B$2:$B$1000=操作台!$F$4)*(模板库!$E$2:$E$1000="item")),45),""),IF(OR(_xlpm.v="",_xlpm.v=0),"",_xlpm.v)),IF(操作台!$B$4="接龙导入",IFERROR(INDEX(计算区!$N$5:$N$25,45),""),IF(COUNTA($L48:$P48)>0,"plain","")))} | F48: =IF($B48="","",IF(COUNTIF($Q$4:$Q47,"*排程*")>0,"",IF(COUNTIF($B$4:$B47,"<>")=0,IF(操作台!$B$4="接龙导入",IF(计算区!$E$7<>"",计算区!$E$7,操作台!$F$10),操作台!$F$10),MAX($R$4:$R47)))) | G48: {=IF(操作台!$B$4="议程模板",_xlfn.LET(_xlpm.v,IFERROR(INDEX(_xlfn._xlws.FILTER(模板库!$H$2:$H$1000,(模板库!$B$2:$B$1000=操作台!$F$4)*(模板库!$E$2:$E$1000="item")),45),""),IF(OR(_xlpm.v="",_xlpm.v=0),"",_xlpm.v)),IF(操作台!$B$4="接龙导入",IFERROR(INDEX(计算区!$I$5:$I$25,45),""),""))} | H48: {=IF(操作台!$B$4="议程模板",_xlfn.LET(_xlpm.v,IFERROR(INDEX(_xlfn._xlws.FILTER(模板库!$I$2:$I$1000,(模板库!$B$2:$B$1000=操作台!$F$4)*(模板库!$E$2:$E$1000="item")),45),""),IF(OR(_xlpm.v="",_xlpm.v=0),"",_xlpm.v)),IF(操作台!$B$4="接龙导入","",""))} | I48: {=IF(操作台!$B$4="议程模板",_xlfn.LET(_xlpm.v,IFERROR(INDEX(_xlfn._xlws.FILTER(模板库!$J$2:$J$1000,(模板库!$B$2:$B$1000=操作台!$F$4)*(模板库!$E$2:$E$1000="item")),45),""),IF(OR(_xlpm.v="",_xlpm.v=0),"",_xlpm.v)),IF(操作台!$B$4="接龙导入",IFERROR(INDEX(计算区!$J$5:$J$25,45),""),""))} | J48: {=IF(操作台!$B$4="议程模板",_xlfn.LET(_xlpm.v,IFERROR(INDEX(_xlfn._xlws.FILTER(模板库!$K$2:$K$1000,(模板库!$B$2:$B$1000=操作台!$F$4)*(模板库!$E$2:$E$1000="item")),45),""),IF(OR(_xlpm.v="",_xlpm.v=0),"",_xlpm.v)),IF(操作台!$B$4="接龙导入",IFERROR(INDEX(计算区!$K$5:$K$25,45),""),""))} | K48: {=IF(操作台!$B$4="议程模板",_xlfn.LET(_xlpm.v,IFERROR(INDEX(_xlfn._xlws.FILTER(模板库!$L$2:$L$1000,(模板库!$B$2:$B$1000=操作台!$F$4)*(模板库!$E$2:$E$1000="item")),45),""),IF(OR(_xlpm.v="",_xlpm.v=0),"",_xlpm.v)),IF(操作台!$B$4="接龙导入",IFERROR(INDEX(计算区!$M$5:$M$25,45),""),""))} | Q48: =IF($B48="","",_xlfn.LET(_xlpm.m,IF($O48<>"",$O48,$J48),_xlpm.p,IF($P48<>"",$P48,IF($K48="","待定",$K48)),_xlpm.title,IF($L48<>"",$L48,$G48),_xlfn.TEXTJOIN("；",TRUE,IF(_xlpm.title="","缺少标题",""),IF(_xlpm.m="","缺少排程分钟",IF(NOT(ISNUMBER(_xlpm.m)),"排程分钟无效","")),IF(_xlpm.p="待定","负责人待定",""),IF(AND($A48>1,$F48=""),"前序排程中断","")))) | R48: =IF($B48="","",IF(OR($F48="",IF($O48<>"",NOT(ISNUMBER($O48)),NOT(ISNUMBER($J48)))),"",$F48+IF($O48<>"",$O48,$J48)/1440)) | S48: =IF($B48="",0,1) -> 0
A49: 46 | B49: {=IF(操作台!$B$4="议程模板",_xlfn.LET(_xlpm.v,IFERROR(INDEX(_xlfn._xlws.FILTER(模板库!$D$2:$D$1000,(模板库!$B$2:$B$1000=操作台!$F$4)*(模板库!$E$2:$E$1000="item")),46),""),IF(OR(_xlpm.v="",_xlpm.v=0),"",_xlpm.v)),IF(操作台!$B$4="接龙导入",IFERROR(INDEX(计算区!$F$5:$F$25,46),""),IF(COUNTA($L49:$P49)>0,"manual-"&TEXT($A49,"00"),"")))} | C49: {=IF(操作台!$B$4="议程模板",_xlfn.LET(_xlpm.v,IFERROR(INDEX(_xlfn._xlws.FILTER(模板库!$F$2:$F$1000,(模板库!$B$2:$B$1000=操作台!$F$4)*(模板库!$E$2:$E$1000="item")),46),""),IF(OR(_xlpm.v="",_xlpm.v=0),"",_xlpm.v)),IF(操作台!$B$4="接龙导入",IFERROR(INDEX(计算区!$G$5:$G$25,46),""),IF(COUNTA($L49:$P49)>0,1,"")))} | D49: {=IF(操作台!$B$4="议程模板",_xlfn.LET(_xlpm.v,IFERROR(INDEX(_xlfn._xlws.FILTER(模板库!$G$2:$G$1000,(模板库!$B$2:$B$1000=操作台!$F$4)*(模板库!$E$2:$E$1000="item")),46),""),IF(OR(_xlpm.v="",_xlpm.v=0),"",_xlpm.v)),IF(操作台!$B$4="接龙导入",IFERROR(INDEX(计算区!$H$5:$H$25,46),""),IF(COUNTA($L49:$P49)>0,"手工议程","")))} | E49: {=IF(操作台!$B$4="议程模板",_xlfn.LET(_xlpm.v,IFERROR(INDEX(_xlfn._xlws.FILTER(模板库!$M$2:$M$1000,(模板库!$B$2:$B$1000=操作台!$F$4)*(模板库!$E$2:$E$1000="item")),46),""),IF(OR(_xlpm.v="",_xlpm.v=0),"",_xlpm.v)),IF(操作台!$B$4="接龙导入",IFERROR(INDEX(计算区!$N$5:$N$25,46),""),IF(COUNTA($L49:$P49)>0,"plain","")))} | F49: =IF($B49="","",IF(COUNTIF($Q$4:$Q48,"*排程*")>0,"",IF(COUNTIF($B$4:$B48,"<>")=0,IF(操作台!$B$4="接龙导入",IF(计算区!$E$7<>"",计算区!$E$7,操作台!$F$10),操作台!$F$10),MAX($R$4:$R48)))) | G49: {=IF(操作台!$B$4="议程模板",_xlfn.LET(_xlpm.v,IFERROR(INDEX(_xlfn._xlws.FILTER(模板库!$H$2:$H$1000,(模板库!$B$2:$B$1000=操作台!$F$4)*(模板库!$E$2:$E$1000="item")),46),""),IF(OR(_xlpm.v="",_xlpm.v=0),"",_xlpm.v)),IF(操作台!$B$4="接龙导入",IFERROR(INDEX(计算区!$I$5:$I$25,46),""),""))} | H49: {=IF(操作台!$B$4="议程模板",_xlfn.LET(_xlpm.v,IFERROR(INDEX(_xlfn._xlws.FILTER(模板库!$I$2:$I$1000,(模板库!$B$2:$B$1000=操作台!$F$4)*(模板库!$E$2:$E$1000="item")),46),""),IF(OR(_xlpm.v="",_xlpm.v=0),"",_xlpm.v)),IF(操作台!$B$4="接龙导入","",""))} | I49: {=IF(操作台!$B$4="议程模板",_xlfn.LET(_xlpm.v,IFERROR(INDEX(_xlfn._xlws.FILTER(模板库!$J$2:$J$1000,(模板库!$B$2:$B$1000=操作台!$F$4)*(模板库!$E$2:$E$1000="item")),46),""),IF(OR(_xlpm.v="",_xlpm.v=0),"",_xlpm.v)),IF(操作台!$B$4="接龙导入",IFERROR(INDEX(计算区!$J$5:$J$25,46),""),""))} | J49: {=IF(操作台!$B$4="议程模板",_xlfn.LET(_xlpm.v,IFERROR(INDEX(_xlfn._xlws.FILTER(模板库!$K$2:$K$1000,(模板库!$B$2:$B$1000=操作台!$F$4)*(模板库!$E$2:$E$1000="item")),46),""),IF(OR(_xlpm.v="",_xlpm.v=0),"",_xlpm.v)),IF(操作台!$B$4="接龙导入",IFERROR(INDEX(计算区!$K$5:$K$25,46),""),""))} | K49: {=IF(操作台!$B$4="议程模板",_xlfn.LET(_xlpm.v,IFERROR(INDEX(_xlfn._xlws.FILTER(模板库!$L$2:$L$1000,(模板库!$B$2:$B$1000=操作台!$F$4)*(模板库!$E$2:$E$1000="item")),46),""),IF(OR(_xlpm.v="",_xlpm.v=0),"",_xlpm.v)),IF(操作台!$B$4="接龙导入",IFERROR(INDEX(计算区!$M$5:$M$25,46),""),""))} | Q49: =IF($B49="","",_xlfn.LET(_xlpm.m,IF($O49<>"",$O49,$J49),_xlpm.p,IF($P49<>"",$P49,IF($K49="","待定",$K49)),_xlpm.title,IF($L49<>"",$L49,$G49),_xlfn.TEXTJOIN("；",TRUE,IF(_xlpm.title="","缺少标题",""),IF(_xlpm.m="","缺少排程分钟",IF(NOT(ISNUMBER(_xlpm.m)),"排程分钟无效","")),IF(_xlpm.p="待定","负责人待定",""),IF(AND($A49>1,$F49=""),"前序排程中断","")))) | R49: =IF($B49="","",IF(OR($F49="",IF($O49<>"",NOT(ISNUMBER($O49)),NOT(ISNUMBER($J49)))),"",$F49+IF($O49<>"",$O49,$J49)/1440)) | S49: =IF($B49="",0,1) -> 0
A50: 47 | B50: {=IF(操作台!$B$4="议程模板",_xlfn.LET(_xlpm.v,IFERROR(INDEX(_xlfn._xlws.FILTER(模板库!$D$2:$D$1000,(模板库!$B$2:$B$1000=操作台!$F$4)*(模板库!$E$2:$E$1000="item")),47),""),IF(OR(_xlpm.v="",_xlpm.v=0),"",_xlpm.v)),IF(操作台!$B$4="接龙导入",IFERROR(INDEX(计算区!$F$5:$F$25,47),""),IF(COUNTA($L50:$P50)>0,"manual-"&TEXT($A50,"00"),"")))} | C50: {=IF(操作台!$B$4="议程模板",_xlfn.LET(_xlpm.v,IFERROR(INDEX(_xlfn._xlws.FILTER(模板库!$F$2:$F$1000,(模板库!$B$2:$B$1000=操作台!$F$4)*(模板库!$E$2:$E$1000="item")),47),""),IF(OR(_xlpm.v="",_xlpm.v=0),"",_xlpm.v)),IF(操作台!$B$4="接龙导入",IFERROR(INDEX(计算区!$G$5:$G$25,47),""),IF(COUNTA($L50:$P50)>0,1,"")))} | D50: {=IF(操作台!$B$4="议程模板",_xlfn.LET(_xlpm.v,IFERROR(INDEX(_xlfn._xlws.FILTER(模板库!$G$2:$G$1000,(模板库!$B$2:$B$1000=操作台!$F$4)*(模板库!$E$2:$E$1000="item")),47),""),IF(OR(_xlpm.v="",_xlpm.v=0),"",_xlpm.v)),IF(操作台!$B$4="接龙导入",IFERROR(INDEX(计算区!$H$5:$H$25,47),""),IF(COUNTA($L50:$P50)>0,"手工议程","")))} | E50: {=IF(操作台!$B$4="议程模板",_xlfn.LET(_xlpm.v,IFERROR(INDEX(_xlfn._xlws.FILTER(模板库!$M$2:$M$1000,(模板库!$B$2:$B$1000=操作台!$F$4)*(模板库!$E$2:$E$1000="item")),47),""),IF(OR(_xlpm.v="",_xlpm.v=0),"",_xlpm.v)),IF(操作台!$B$4="接龙导入",IFERROR(INDEX(计算区!$N$5:$N$25,47),""),IF(COUNTA($L50:$P50)>0,"plain","")))} | F50: =IF($B50="","",IF(COUNTIF($Q$4:$Q49,"*排程*")>0,"",IF(COUNTIF($B$4:$B49,"<>")=0,IF(操作台!$B$4="接龙导入",IF(计算区!$E$7<>"",计算区!$E$7,操作台!$F$10),操作台!$F$10),MAX($R$4:$R49)))) | G50: {=IF(操作台!$B$4="议程模板",_xlfn.LET(_xlpm.v,IFERROR(INDEX(_xlfn._xlws.FILTER(模板库!$H$2:$H$1000,(模板库!$B$2:$B$1000=操作台!$F$4)*(模板库!$E$2:$E$1000="item")),47),""),IF(OR(_xlpm.v="",_xlpm.v=0),"",_xlpm.v)),IF(操作台!$B$4="接龙导入",IFERROR(INDEX(计算区!$I$5:$I$25,47),""),""))} | H50: {=IF(操作台!$B$4="议程模板",_xlfn.LET(_xlpm.v,IFERROR(INDEX(_xlfn._xlws.FILTER(模板库!$I$2:$I$1000,(模板库!$B$2:$B$1000=操作台!$F$4)*(模板库!$E$2:$E$1000="item")),47),""),IF(OR(_xlpm.v="",_xlpm.v=0),"",_xlpm.v)),IF(操作台!$B$4="接龙导入","",""))} | I50: {=IF(操作台!$B$4="议程模板",_xlfn.LET(_xlpm.v,IFERROR(INDEX(_xlfn._xlws.FILTER(模板库!$J$2:$J$1000,(模板库!$B$2:$B$1000=操作台!$F$4)*(模板库!$E$2:$E$1000="item")),47),""),IF(OR(_xlpm.v="",_xlpm.v=0),"",_xlpm.v)),IF(操作台!$B$4="接龙导入",IFERROR(INDEX(计算区!$J$5:$J$25,47),""),""))} | J50: {=IF(操作台!$B$4="议程模板",_xlfn.LET(_xlpm.v,IFERROR(INDEX(_xlfn._xlws.FILTER(模板库!$K$2:$K$1000,(模板库!$B$2:$B$1000=操作台!$F$4)*(模板库!$E$2:$E$1000="item")),47),""),IF(OR(_xlpm.v="",_xlpm.v=0),"",_xlpm.v)),IF(操作台!$B$4="接龙导入",IFERROR(INDEX(计算区!$K$5:$K$25,47),""),""))} | K50: {=IF(操作台!$B$4="议程模板",_xlfn.LET(_xlpm.v,IFERROR(INDEX(_xlfn._xlws.FILTER(模板库!$L$2:$L$1000,(模板库!$B$2:$B$1000=操作台!$F$4)*(模板库!$E$2:$E$1000="item")),47),""),IF(OR(_xlpm.v="",_xlpm.v=0),"",_xlpm.v)),IF(操作台!$B$4="接龙导入",IFERROR(INDEX(计算区!$M$5:$M$25,47),""),""))} | Q50: =IF($B50="","",_xlfn.LET(_xlpm.m,IF($O50<>"",$O50,$J50),_xlpm.p,IF($P50<>"",$P50,IF($K50="","待定",$K50)),_xlpm.title,IF($L50<>"",$L50,$G50),_xlfn.TEXTJOIN("；",TRUE,IF(_xlpm.title="","缺少标题",""),IF(_xlpm.m="","缺少排程分钟",IF(NOT(ISNUMBER(_xlpm.m)),"排程分钟无效","")),IF(_xlpm.p="待定","负责人待定",""),IF(AND($A50>1,$F50=""),"前序排程中断","")))) | R50: =IF($B50="","",IF(OR($F50="",IF($O50<>"",NOT(ISNUMBER($O50)),NOT(ISNUMBER($J50)))),"",$F50+IF($O50<>"",$O50,$J50)/1440)) | S50: =IF($B50="",0,1) -> 0
A51: 48 | B51: {=IF(操作台!$B$4="议程模板",_xlfn.LET(_xlpm.v,IFERROR(INDEX(_xlfn._xlws.FILTER(模板库!$D$2:$D$1000,(模板库!$B$2:$B$1000=操作台!$F$4)*(模板库!$E$2:$E$1000="item")),48),""),IF(OR(_xlpm.v="",_xlpm.v=0),"",_xlpm.v)),IF(操作台!$B$4="接龙导入",IFERROR(INDEX(计算区!$F$5:$F$25,48),""),IF(COUNTA($L51:$P51)>0,"manual-"&TEXT($A51,"00"),"")))} | C51: {=IF(操作台!$B$4="议程模板",_xlfn.LET(_xlpm.v,IFERROR(INDEX(_xlfn._xlws.FILTER(模板库!$F$2:$F$1000,(模板库!$B$2:$B$1000=操作台!$F$4)*(模板库!$E$2:$E$1000="item")),48),""),IF(OR(_xlpm.v="",_xlpm.v=0),"",_xlpm.v)),IF(操作台!$B$4="接龙导入",IFERROR(INDEX(计算区!$G$5:$G$25,48),""),IF(COUNTA($L51:$P51)>0,1,"")))} | D51: {=IF(操作台!$B$4="议程模板",_xlfn.LET(_xlpm.v,IFERROR(INDEX(_xlfn._xlws.FILTER(模板库!$G$2:$G$1000,(模板库!$B$2:$B$1000=操作台!$F$4)*(模板库!$E$2:$E$1000="item")),48),""),IF(OR(_xlpm.v="",_xlpm.v=0),"",_xlpm.v)),IF(操作台!$B$4="接龙导入",IFERROR(INDEX(计算区!$H$5:$H$25,48),""),IF(COUNTA($L51:$P51)>0,"手工议程","")))} | E51: {=IF(操作台!$B$4="议程模板",_xlfn.LET(_xlpm.v,IFERROR(INDEX(_xlfn._xlws.FILTER(模板库!$M$2:$M$1000,(模板库!$B$2:$B$1000=操作台!$F$4)*(模板库!$E$2:$E$1000="item")),48),""),IF(OR(_xlpm.v="",_xlpm.v=0),"",_xlpm.v)),IF(操作台!$B$4="接龙导入",IFERROR(INDEX(计算区!$N$5:$N$25,48),""),IF(COUNTA($L51:$P51)>0,"plain","")))} | F51: =IF($B51="","",IF(COUNTIF($Q$4:$Q50,"*排程*")>0,"",IF(COUNTIF($B$4:$B50,"<>")=0,IF(操作台!$B$4="接龙导入",IF(计算区!$E$7<>"",计算区!$E$7,操作台!$F$10),操作台!$F$10),MAX($R$4:$R50)))) | G51: {=IF(操作台!$B$4="议程模板",_xlfn.LET(_xlpm.v,IFERROR(INDEX(_xlfn._xlws.FILTER(模板库!$H$2:$H$1000,(模板库!$B$2:$B$1000=操作台!$F$4)*(模板库!$E$2:$E$1000="item")),48),""),IF(OR(_xlpm.v="",_xlpm.v=0),"",_xlpm.v)),IF(操作台!$B$4="接龙导入",IFERROR(INDEX(计算区!$I$5:$I$25,48),""),""))} | H51: {=IF(操作台!$B$4="议程模板",_xlfn.LET(_xlpm.v,IFERROR(INDEX(_xlfn._xlws.FILTER(模板库!$I$2:$I$1000,(模板库!$B$2:$B$1000=操作台!$F$4)*(模板库!$E$2:$E$1000="item")),48),""),IF(OR(_xlpm.v="",_xlpm.v=0),"",_xlpm.v)),IF(操作台!$B$4="接龙导入","",""))} | I51: {=IF(操作台!$B$4="议程模板",_xlfn.LET(_xlpm.v,IFERROR(INDEX(_xlfn._xlws.FILTER(模板库!$J$2:$J$1000,(模板库!$B$2:$B$1000=操作台!$F$4)*(模板库!$E$2:$E$1000="item")),48),""),IF(OR(_xlpm.v="",_xlpm.v=0),"",_xlpm.v)),IF(操作台!$B$4="接龙导入",IFERROR(INDEX(计算区!$J$5:$J$25,48),""),""))} | J51: {=IF(操作台!$B$4="议程模板",_xlfn.LET(_xlpm.v,IFERROR(INDEX(_xlfn._xlws.FILTER(模板库!$K$2:$K$1000,(模板库!$B$2:$B$1000=操作台!$F$4)*(模板库!$E$2:$E$1000="item")),48),""),IF(OR(_xlpm.v="",_xlpm.v=0),"",_xlpm.v)),IF(操作台!$B$4="接龙导入",IFERROR(INDEX(计算区!$K$5:$K$25,48),""),""))} | K51: {=IF(操作台!$B$4="议程模板",_xlfn.LET(_xlpm.v,IFERROR(INDEX(_xlfn._xlws.FILTER(模板库!$L$2:$L$1000,(模板库!$B$2:$B$1000=操作台!$F$4)*(模板库!$E$2:$E$1000="item")),48),""),IF(OR(_xlpm.v="",_xlpm.v=0),"",_xlpm.v)),IF(操作台!$B$4="接龙导入",IFERROR(INDEX(计算区!$M$5:$M$25,48),""),""))} | Q51: =IF($B51="","",_xlfn.LET(_xlpm.m,IF($O51<>"",$O51,$J51),_xlpm.p,IF($P51<>"",$P51,IF($K51="","待定",$K51)),_xlpm.title,IF($L51<>"",$L51,$G51),_xlfn.TEXTJOIN("；",TRUE,IF(_xlpm.title="","缺少标题",""),IF(_xlpm.m="","缺少排程分钟",IF(NOT(ISNUMBER(_xlpm.m)),"排程分钟无效","")),IF(_xlpm.p="待定","负责人待定",""),IF(AND($A51>1,$F51=""),"前序排程中断","")))) | R51: =IF($B51="","",IF(OR($F51="",IF($O51<>"",NOT(ISNUMBER($O51)),NOT(ISNUMBER($J51)))),"",$F51+IF($O51<>"",$O51,$J51)/1440)) | S51: =IF($B51="",0,1) -> 0
A52: 49 | B52: {=IF(操作台!$B$4="议程模板",_xlfn.LET(_xlpm.v,IFERROR(INDEX(_xlfn._xlws.FILTER(模板库!$D$2:$D$1000,(模板库!$B$2:$B$1000=操作台!$F$4)*(模板库!$E$2:$E$1000="item")),49),""),IF(OR(_xlpm.v="",_xlpm.v=0),"",_xlpm.v)),IF(操作台!$B$4="接龙导入",IFERROR(INDEX(计算区!$F$5:$F$25,49),""),IF(COUNTA($L52:$P52)>0,"manual-"&TEXT($A52,"00"),"")))} | C52: {=IF(操作台!$B$4="议程模板",_xlfn.LET(_xlpm.v,IFERROR(INDEX(_xlfn._xlws.FILTER(模板库!$F$2:$F$1000,(模板库!$B$2:$B$1000=操作台!$F$4)*(模板库!$E$2:$E$1000="item")),49),""),IF(OR(_xlpm.v="",_xlpm.v=0),"",_xlpm.v)),IF(操作台!$B$4="接龙导入",IFERROR(INDEX(计算区!$G$5:$G$25,49),""),IF(COUNTA($L52:$P52)>0,1,"")))} | D52: {=IF(操作台!$B$4="议程模板",_xlfn.LET(_xlpm.v,IFERROR(INDEX(_xlfn._xlws.FILTER(模板库!$G$2:$G$1000,(模板库!$B$2:$B$1000=操作台!$F$4)*(模板库!$E$2:$E$1000="item")),49),""),IF(OR(_xlpm.v="",_xlpm.v=0),"",_xlpm.v)),IF(操作台!$B$4="接龙导入",IFERROR(INDEX(计算区!$H$5:$H$25,49),""),IF(COUNTA($L52:$P52)>0,"手工议程","")))} | E52: {=IF(操作台!$B$4="议程模板",_xlfn.LET(_xlpm.v,IFERROR(INDEX(_xlfn._xlws.FILTER(模板库!$M$2:$M$1000,(模板库!$B$2:$B$1000=操作台!$F$4)*(模板库!$E$2:$E$1000="item")),49),""),IF(OR(_xlpm.v="",_xlpm.v=0),"",_xlpm.v)),IF(操作台!$B$4="接龙导入",IFERROR(INDEX(计算区!$N$5:$N$25,49),""),IF(COUNTA($L52:$P52)>0,"plain","")))} | F52: =IF($B52="","",IF(COUNTIF($Q$4:$Q51,"*排程*")>0,"",IF(COUNTIF($B$4:$B51,"<>")=0,IF(操作台!$B$4="接龙导入",IF(计算区!$E$7<>"",计算区!$E$7,操作台!$F$10),操作台!$F$10),MAX($R$4:$R51)))) | G52: {=IF(操作台!$B$4="议程模板",_xlfn.LET(_xlpm.v,IFERROR(INDEX(_xlfn._xlws.FILTER(模板库!$H$2:$H$1000,(模板库!$B$2:$B$1000=操作台!$F$4)*(模板库!$E$2:$E$1000="item")),49),""),IF(OR(_xlpm.v="",_xlpm.v=0),"",_xlpm.v)),IF(操作台!$B$4="接龙导入",IFERROR(INDEX(计算区!$I$5:$I$25,49),""),""))} | H52: {=IF(操作台!$B$4="议程模板",_xlfn.LET(_xlpm.v,IFERROR(INDEX(_xlfn._xlws.FILTER(模板库!$I$2:$I$1000,(模板库!$B$2:$B$1000=操作台!$F$4)*(模板库!$E$2:$E$1000="item")),49),""),IF(OR(_xlpm.v="",_xlpm.v=0),"",_xlpm.v)),IF(操作台!$B$4="接龙导入","",""))} | I52: {=IF(操作台!$B$4="议程模板",_xlfn.LET(_xlpm.v,IFERROR(INDEX(_xlfn._xlws.FILTER(模板库!$J$2:$J$1000,(模板库!$B$2:$B$1000=操作台!$F$4)*(模板库!$E$2:$E$1000="item")),49),""),IF(OR(_xlpm.v="",_xlpm.v=0),"",_xlpm.v)),IF(操作台!$B$4="接龙导入",IFERROR(INDEX(计算区!$J$5:$J$25,49),""),""))} | J52: {=IF(操作台!$B$4="议程模板",_xlfn.LET(_xlpm.v,IFERROR(INDEX(_xlfn._xlws.FILTER(模板库!$K$2:$K$1000,(模板库!$B$2:$B$1000=操作台!$F$4)*(模板库!$E$2:$E$1000="item")),49),""),IF(OR(_xlpm.v="",_xlpm.v=0),"",_xlpm.v)),IF(操作台!$B$4="接龙导入",IFERROR(INDEX(计算区!$K$5:$K$25,49),""),""))} | K52: {=IF(操作台!$B$4="议程模板",_xlfn.LET(_xlpm.v,IFERROR(INDEX(_xlfn._xlws.FILTER(模板库!$L$2:$L$1000,(模板库!$B$2:$B$1000=操作台!$F$4)*(模板库!$E$2:$E$1000="item")),49),""),IF(OR(_xlpm.v="",_xlpm.v=0),"",_xlpm.v)),IF(操作台!$B$4="接龙导入",IFERROR(INDEX(计算区!$M$5:$M$25,49),""),""))} | Q52: =IF($B52="","",_xlfn.LET(_xlpm.m,IF($O52<>"",$O52,$J52),_xlpm.p,IF($P52<>"",$P52,IF($K52="","待定",$K52)),_xlpm.title,IF($L52<>"",$L52,$G52),_xlfn.TEXTJOIN("；",TRUE,IF(_xlpm.title="","缺少标题",""),IF(_xlpm.m="","缺少排程分钟",IF(NOT(ISNUMBER(_xlpm.m)),"排程分钟无效","")),IF(_xlpm.p="待定","负责人待定",""),IF(AND($A52>1,$F52=""),"前序排程中断","")))) | R52: =IF($B52="","",IF(OR($F52="",IF($O52<>"",NOT(ISNUMBER($O52)),NOT(ISNUMBER($J52)))),"",$F52+IF($O52<>"",$O52,$J52)/1440)) | S52: =IF($B52="",0,1) -> 0
A53: 50 | B53: {=IF(操作台!$B$4="议程模板",_xlfn.LET(_xlpm.v,IFERROR(INDEX(_xlfn._xlws.FILTER(模板库!$D$2:$D$1000,(模板库!$B$2:$B$1000=操作台!$F$4)*(模板库!$E$2:$E$1000="item")),50),""),IF(OR(_xlpm.v="",_xlpm.v=0),"",_xlpm.v)),IF(操作台!$B$4="接龙导入",IFERROR(INDEX(计算区!$F$5:$F$25,50),""),IF(COUNTA($L53:$P53)>0,"manual-"&TEXT($A53,"00"),"")))} | C53: {=IF(操作台!$B$4="议程模板",_xlfn.LET(_xlpm.v,IFERROR(INDEX(_xlfn._xlws.FILTER(模板库!$F$2:$F$1000,(模板库!$B$2:$B$1000=操作台!$F$4)*(模板库!$E$2:$E$1000="item")),50),""),IF(OR(_xlpm.v="",_xlpm.v=0),"",_xlpm.v)),IF(操作台!$B$4="接龙导入",IFERROR(INDEX(计算区!$G$5:$G$25,50),""),IF(COUNTA($L53:$P53)>0,1,"")))} | D53: {=IF(操作台!$B$4="议程模板",_xlfn.LET(_xlpm.v,IFERROR(INDEX(_xlfn._xlws.FILTER(模板库!$G$2:$G$1000,(模板库!$B$2:$B$1000=操作台!$F$4)*(模板库!$E$2:$E$1000="item")),50),""),IF(OR(_xlpm.v="",_xlpm.v=0),"",_xlpm.v)),IF(操作台!$B$4="接龙导入",IFERROR(INDEX(计算区!$H$5:$H$25,50),""),IF(COUNTA($L53:$P53)>0,"手工议程","")))} | E53: {=IF(操作台!$B$4="议程模板",_xlfn.LET(_xlpm.v,IFERROR(INDEX(_xlfn._xlws.FILTER(模板库!$M$2:$M$1000,(模板库!$B$2:$B$1000=操作台!$F$4)*(模板库!$E$2:$E$1000="item")),50),""),IF(OR(_xlpm.v="",_xlpm.v=0),"",_xlpm.v)),IF(操作台!$B$4="接龙导入",IFERROR(INDEX(计算区!$N$5:$N$25,50),""),IF(COUNTA($L53:$P53)>0,"plain","")))} | F53: =IF($B53="","",IF(COUNTIF($Q$4:$Q52,"*排程*")>0,"",IF(COUNTIF($B$4:$B52,"<>")=0,IF(操作台!$B$4="接龙导入",IF(计算区!$E$7<>"",计算区!$E$7,操作台!$F$10),操作台!$F$10),MAX($R$4:$R52)))) | G53: {=IF(操作台!$B$4="议程模板",_xlfn.LET(_xlpm.v,IFERROR(INDEX(_xlfn._xlws.FILTER(模板库!$H$2:$H$1000,(模板库!$B$2:$B$1000=操作台!$F$4)*(模板库!$E$2:$E$1000="item")),50),""),IF(OR(_xlpm.v="",_xlpm.v=0),"",_xlpm.v)),IF(操作台!$B$4="接龙导入",IFERROR(INDEX(计算区!$I$5:$I$25,50),""),""))} | H53: {=IF(操作台!$B$4="议程模板",_xlfn.LET(_xlpm.v,IFERROR(INDEX(_xlfn._xlws.FILTER(模板库!$I$2:$I$1000,(模板库!$B$2:$B$1000=操作台!$F$4)*(模板库!$E$2:$E$1000="item")),50),""),IF(OR(_xlpm.v="",_xlpm.v=0),"",_xlpm.v)),IF(操作台!$B$4="接龙导入","",""))} | I53: {=IF(操作台!$B$4="议程模板",_xlfn.LET(_xlpm.v,IFERROR(INDEX(_xlfn._xlws.FILTER(模板库!$J$2:$J$1000,(模板库!$B$2:$B$1000=操作台!$F$4)*(模板库!$E$2:$E$1000="item")),50),""),IF(OR(_xlpm.v="",_xlpm.v=0),"",_xlpm.v)),IF(操作台!$B$4="接龙导入",IFERROR(INDEX(计算区!$J$5:$J$25,50),""),""))} | J53: {=IF(操作台!$B$4="议程模板",_xlfn.LET(_xlpm.v,IFERROR(INDEX(_xlfn._xlws.FILTER(模板库!$K$2:$K$1000,(模板库!$B$2:$B$1000=操作台!$F$4)*(模板库!$E$2:$E$1000="item")),50),""),IF(OR(_xlpm.v="",_xlpm.v=0),"",_xlpm.v)),IF(操作台!$B$4="接龙导入",IFERROR(INDEX(计算区!$K$5:$K$25,50),""),""))} | K53: {=IF(操作台!$B$4="议程模板",_xlfn.LET(_xlpm.v,IFERROR(INDEX(_xlfn._xlws.FILTER(模板库!$L$2:$L$1000,(模板库!$B$2:$B$1000=操作台!$F$4)*(模板库!$E$2:$E$1000="item")),50),""),IF(OR(_xlpm.v="",_xlpm.v=0),"",_xlpm.v)),IF(操作台!$B$4="接龙导入",IFERROR(INDEX(计算区!$M$5:$M$25,50),""),""))} | Q53: =IF($B53="","",_xlfn.LET(_xlpm.m,IF($O53<>"",$O53,$J53),_xlpm.p,IF($P53<>"",$P53,IF($K53="","待定",$K53)),_xlpm.title,IF($L53<>"",$L53,$G53),_xlfn.TEXTJOIN("；",TRUE,IF(_xlpm.title="","缺少标题",""),IF(_xlpm.m="","缺少排程分钟",IF(NOT(ISNUMBER(_xlpm.m)),"排程分钟无效","")),IF(_xlpm.p="待定","负责人待定",""),IF(AND($A53>1,$F53=""),"前序排程中断","")))) | R53: =IF($B53="","",IF(OR($F53="",IF($O53<>"",NOT(ISNUMBER($O53)),NOT(ISNUMBER($J53)))),"",$F53+IF($O53<>"",$O53,$J53)/1440)) | S53: =IF($B53="",0,1) -> 0
A54: 51 | B54: {=IF(操作台!$B$4="议程模板",_xlfn.LET(_xlpm.v,IFERROR(INDEX(_xlfn._xlws.FILTER(模板库!$D$2:$D$1000,(模板库!$B$2:$B$1000=操作台!$F$4)*(模板库!$E$2:$E$1000="item")),51),""),IF(OR(_xlpm.v="",_xlpm.v=0),"",_xlpm.v)),IF(操作台!$B$4="接龙导入",IFERROR(INDEX(计算区!$F$5:$F$25,51),""),IF(COUNTA($L54:$P54)>0,"manual-"&TEXT($A54,"00"),"")))} | C54: {=IF(操作台!$B$4="议程模板",_xlfn.LET(_xlpm.v,IFERROR(INDEX(_xlfn._xlws.FILTER(模板库!$F$2:$F$1000,(模板库!$B$2:$B$1000=操作台!$F$4)*(模板库!$E$2:$E$1000="item")),51),""),IF(OR(_xlpm.v="",_xlpm.v=0),"",_xlpm.v)),IF(操作台!$B$4="接龙导入",IFERROR(INDEX(计算区!$G$5:$G$25,51),""),IF(COUNTA($L54:$P54)>0,1,"")))} | D54: {=IF(操作台!$B$4="议程模板",_xlfn.LET(_xlpm.v,IFERROR(INDEX(_xlfn._xlws.FILTER(模板库!$G$2:$G$1000,(模板库!$B$2:$B$1000=操作台!$F$4)*(模板库!$E$2:$E$1000="item")),51),""),IF(OR(_xlpm.v="",_xlpm.v=0),"",_xlpm.v)),IF(操作台!$B$4="接龙导入",IFERROR(INDEX(计算区!$H$5:$H$25,51),""),IF(COUNTA($L54:$P54)>0,"手工议程","")))} | E54: {=IF(操作台!$B$4="议程模板",_xlfn.LET(_xlpm.v,IFERROR(INDEX(_xlfn._xlws.FILTER(模板库!$M$2:$M$1000,(模板库!$B$2:$B$1000=操作台!$F$4)*(模板库!$E$2:$E$1000="item")),51),""),IF(OR(_xlpm.v="",_xlpm.v=0),"",_xlpm.v)),IF(操作台!$B$4="接龙导入",IFERROR(INDEX(计算区!$N$5:$N$25,51),""),IF(COUNTA($L54:$P54)>0,"plain","")))} | F54: =IF($B54="","",IF(COUNTIF($Q$4:$Q53,"*排程*")>0,"",IF(COUNTIF($B$4:$B53,"<>")=0,IF(操作台!$B$4="接龙导入",IF(计算区!$E$7<>"",计算区!$E$7,操作台!$F$10),操作台!$F$10),MAX($R$4:$R53)))) | G54: {=IF(操作台!$B$4="议程模板",_xlfn.LET(_xlpm.v,IFERROR(INDEX(_xlfn._xlws.FILTER(模板库!$H$2:$H$1000,(模板库!$B$2:$B$1000=操作台!$F$4)*(模板库!$E$2:$E$1000="item")),51),""),IF(OR(_xlpm.v="",_xlpm.v=0),"",_xlpm.v)),IF(操作台!$B$4="接龙导入",IFERROR(INDEX(计算区!$I$5:$I$25,51),""),""))} | H54: {=IF(操作台!$B$4="议程模板",_xlfn.LET(_xlpm.v,IFERROR(INDEX(_xlfn._xlws.FILTER(模板库!$I$2:$I$1000,(模板库!$B$2:$B$1000=操作台!$F$4)*(模板库!$E$2:$E$1000="item")),51),""),IF(OR(_xlpm.v="",_xlpm.v=0),"",_xlpm.v)),IF(操作台!$B$4="接龙导入","",""))} | I54: {=IF(操作台!$B$4="议程模板",_xlfn.LET(_xlpm.v,IFERROR(INDEX(_xlfn._xlws.FILTER(模板库!$J$2:$J$1000,(模板库!$B$2:$B$1000=操作台!$F$4)*(模板库!$E$2:$E$1000="item")),51),""),IF(OR(_xlpm.v="",_xlpm.v=0),"",_xlpm.v)),IF(操作台!$B$4="接龙导入",IFERROR(INDEX(计算区!$J$5:$J$25,51),""),""))} | J54: {=IF(操作台!$B$4="议程模板",_xlfn.LET(_xlpm.v,IFERROR(INDEX(_xlfn._xlws.FILTER(模板库!$K$2:$K$1000,(模板库!$B$2:$B$1000=操作台!$F$4)*(模板库!$E$2:$E$1000="item")),51),""),IF(OR(_xlpm.v="",_xlpm.v=0),"",_xlpm.v)),IF(操作台!$B$4="接龙导入",IFERROR(INDEX(计算区!$K$5:$K$25,51),""),""))} | K54: {=IF(操作台!$B$4="议程模板",_xlfn.LET(_xlpm.v,IFERROR(INDEX(_xlfn._xlws.FILTER(模板库!$L$2:$L$1000,(模板库!$B$2:$B$1000=操作台!$F$4)*(模板库!$E$2:$E$1000="item")),51),""),IF(OR(_xlpm.v="",_xlpm.v=0),"",_xlpm.v)),IF(操作台!$B$4="接龙导入",IFERROR(INDEX(计算区!$M$5:$M$25,51),""),""))} | Q54: =IF($B54="","",_xlfn.LET(_xlpm.m,IF($O54<>"",$O54,$J54),_xlpm.p,IF($P54<>"",$P54,IF($K54="","待定",$K54)),_xlpm.title,IF($L54<>"",$L54,$G54),_xlfn.TEXTJOIN("；",TRUE,IF(_xlpm.title="","缺少标题",""),IF(_xlpm.m="","缺少排程分钟",IF(NOT(ISNUMBER(_xlpm.m)),"排程分钟无效","")),IF(_xlpm.p="待定","负责人待定",""),IF(AND($A54>1,$F54=""),"前序排程中断","")))) | R54: =IF($B54="","",IF(OR($F54="",IF($O54<>"",NOT(ISNUMBER($O54)),NOT(ISNUMBER($J54)))),"",$F54+IF($O54<>"",$O54,$J54)/1440)) | S54: =IF($B54="",0,1) -> 0
A55: 52 | B55: {=IF(操作台!$B$4="议程模板",_xlfn.LET(_xlpm.v,IFERROR(INDEX(_xlfn._xlws.FILTER(模板库!$D$2:$D$1000,(模板库!$B$2:$B$1000=操作台!$F$4)*(模板库!$E$2:$E$1000="item")),52),""),IF(OR(_xlpm.v="",_xlpm.v=0),"",_xlpm.v)),IF(操作台!$B$4="接龙导入",IFERROR(INDEX(计算区!$F$5:$F$25,52),""),IF(COUNTA($L55:$P55)>0,"manual-"&TEXT($A55,"00"),"")))} | C55: {=IF(操作台!$B$4="议程模板",_xlfn.LET(_xlpm.v,IFERROR(INDEX(_xlfn._xlws.FILTER(模板库!$F$2:$F$1000,(模板库!$B$2:$B$1000=操作台!$F$4)*(模板库!$E$2:$E$1000="item")),52),""),IF(OR(_xlpm.v="",_xlpm.v=0),"",_xlpm.v)),IF(操作台!$B$4="接龙导入",IFERROR(INDEX(计算区!$G$5:$G$25,52),""),IF(COUNTA($L55:$P55)>0,1,"")))} | D55: {=IF(操作台!$B$4="议程模板",_xlfn.LET(_xlpm.v,IFERROR(INDEX(_xlfn._xlws.FILTER(模板库!$G$2:$G$1000,(模板库!$B$2:$B$1000=操作台!$F$4)*(模板库!$E$2:$E$1000="item")),52),""),IF(OR(_xlpm.v="",_xlpm.v=0),"",_xlpm.v)),IF(操作台!$B$4="接龙导入",IFERROR(INDEX(计算区!$H$5:$H$25,52),""),IF(COUNTA($L55:$P55)>0,"手工议程","")))} | E55: {=IF(操作台!$B$4="议程模板",_xlfn.LET(_xlpm.v,IFERROR(INDEX(_xlfn._xlws.FILTER(模板库!$M$2:$M$1000,(模板库!$B$2:$B$1000=操作台!$F$4)*(模板库!$E$2:$E$1000="item")),52),""),IF(OR(_xlpm.v="",_xlpm.v=0),"",_xlpm.v)),IF(操作台!$B$4="接龙导入",IFERROR(INDEX(计算区!$N$5:$N$25,52),""),IF(COUNTA($L55:$P55)>0,"plain","")))} | F55: =IF($B55="","",IF(COUNTIF($Q$4:$Q54,"*排程*")>0,"",IF(COUNTIF($B$4:$B54,"<>")=0,IF(操作台!$B$4="接龙导入",IF(计算区!$E$7<>"",计算区!$E$7,操作台!$F$10),操作台!$F$10),MAX($R$4:$R54)))) | G55: {=IF(操作台!$B$4="议程模板",_xlfn.LET(_xlpm.v,IFERROR(INDEX(_xlfn._xlws.FILTER(模板库!$H$2:$H$1000,(模板库!$B$2:$B$1000=操作台!$F$4)*(模板库!$E$2:$E$1000="item")),52),""),IF(OR(_xlpm.v="",_xlpm.v=0),"",_xlpm.v)),IF(操作台!$B$4="接龙导入",IFERROR(INDEX(计算区!$I$5:$I$25,52),""),""))} | H55: {=IF(操作台!$B$4="议程模板",_xlfn.LET(_xlpm.v,IFERROR(INDEX(_xlfn._xlws.FILTER(模板库!$I$2:$I$1000,(模板库!$B$2:$B$1000=操作台!$F$4)*(模板库!$E$2:$E$1000="item")),52),""),IF(OR(_xlpm.v="",_xlpm.v=0),"",_xlpm.v)),IF(操作台!$B$4="接龙导入","",""))} | I55: {=IF(操作台!$B$4="议程模板",_xlfn.LET(_xlpm.v,IFERROR(INDEX(_xlfn._xlws.FILTER(模板库!$J$2:$J$1000,(模板库!$B$2:$B$1000=操作台!$F$4)*(模板库!$E$2:$E$1000="item")),52),""),IF(OR(_xlpm.v="",_xlpm.v=0),"",_xlpm.v)),IF(操作台!$B$4="接龙导入",IFERROR(INDEX(计算区!$J$5:$J$25,52),""),""))} | J55: {=IF(操作台!$B$4="议程模板",_xlfn.LET(_xlpm.v,IFERROR(INDEX(_xlfn._xlws.FILTER(模板库!$K$2:$K$1000,(模板库!$B$2:$B$1000=操作台!$F$4)*(模板库!$E$2:$E$1000="item")),52),""),IF(OR(_xlpm.v="",_xlpm.v=0),"",_xlpm.v)),IF(操作台!$B$4="接龙导入",IFERROR(INDEX(计算区!$K$5:$K$25,52),""),""))} | K55: {=IF(操作台!$B$4="议程模板",_xlfn.LET(_xlpm.v,IFERROR(INDEX(_xlfn._xlws.FILTER(模板库!$L$2:$L$1000,(模板库!$B$2:$B$1000=操作台!$F$4)*(模板库!$E$2:$E$1000="item")),52),""),IF(OR(_xlpm.v="",_xlpm.v=0),"",_xlpm.v)),IF(操作台!$B$4="接龙导入",IFERROR(INDEX(计算区!$M$5:$M$25,52),""),""))} | Q55: =IF($B55="","",_xlfn.LET(_xlpm.m,IF($O55<>"",$O55,$J55),_xlpm.p,IF($P55<>"",$P55,IF($K55="","待定",$K55)),_xlpm.title,IF($L55<>"",$L55,$G55),_xlfn.TEXTJOIN("；",TRUE,IF(_xlpm.title="","缺少标题",""),IF(_xlpm.m="","缺少排程分钟",IF(NOT(ISNUMBER(_xlpm.m)),"排程分钟无效","")),IF(_xlpm.p="待定","负责人待定",""),IF(AND($A55>1,$F55=""),"前序排程中断","")))) | R55: =IF($B55="","",IF(OR($F55="",IF($O55<>"",NOT(ISNUMBER($O55)),NOT(ISNUMBER($J55)))),"",$F55+IF($O55<>"",$O55,$J55)/1440)) | S55: =IF($B55="",0,1) -> 0
A56: 53 | B56: {=IF(操作台!$B$4="议程模板",_xlfn.LET(_xlpm.v,IFERROR(INDEX(_xlfn._xlws.FILTER(模板库!$D$2:$D$1000,(模板库!$B$2:$B$1000=操作台!$F$4)*(模板库!$E$2:$E$1000="item")),53),""),IF(OR(_xlpm.v="",_xlpm.v=0),"",_xlpm.v)),IF(操作台!$B$4="接龙导入",IFERROR(INDEX(计算区!$F$5:$F$25,53),""),IF(COUNTA($L56:$P56)>0,"manual-"&TEXT($A56,"00"),"")))} | C56: {=IF(操作台!$B$4="议程模板",_xlfn.LET(_xlpm.v,IFERROR(INDEX(_xlfn._xlws.FILTER(模板库!$F$2:$F$1000,(模板库!$B$2:$B$1000=操作台!$F$4)*(模板库!$E$2:$E$1000="item")),53),""),IF(OR(_xlpm.v="",_xlpm.v=0),"",_xlpm.v)),IF(操作台!$B$4="接龙导入",IFERROR(INDEX(计算区!$G$5:$G$25,53),""),IF(COUNTA($L56:$P56)>0,1,"")))} | D56: {=IF(操作台!$B$4="议程模板",_xlfn.LET(_xlpm.v,IFERROR(INDEX(_xlfn._xlws.FILTER(模板库!$G$2:$G$1000,(模板库!$B$2:$B$1000=操作台!$F$4)*(模板库!$E$2:$E$1000="item")),53),""),IF(OR(_xlpm.v="",_xlpm.v=0),"",_xlpm.v)),IF(操作台!$B$4="接龙导入",IFERROR(INDEX(计算区!$H$5:$H$25,53),""),IF(COUNTA($L56:$P56)>0,"手工议程","")))} | E56: {=IF(操作台!$B$4="议程模板",_xlfn.LET(_xlpm.v,IFERROR(INDEX(_xlfn._xlws.FILTER(模板库!$M$2:$M$1000,(模板库!$B$2:$B$1000=操作台!$F$4)*(模板库!$E$2:$E$1000="item")),53),""),IF(OR(_xlpm.v="",_xlpm.v=0),"",_xlpm.v)),IF(操作台!$B$4="接龙导入",IFERROR(INDEX(计算区!$N$5:$N$25,53),""),IF(COUNTA($L56:$P56)>0,"plain","")))} | F56: =IF($B56="","",IF(COUNTIF($Q$4:$Q55,"*排程*")>0,"",IF(COUNTIF($B$4:$B55,"<>")=0,IF(操作台!$B$4="接龙导入",IF(计算区!$E$7<>"",计算区!$E$7,操作台!$F$10),操作台!$F$10),MAX($R$4:$R55)))) | G56: {=IF(操作台!$B$4="议程模板",_xlfn.LET(_xlpm.v,IFERROR(INDEX(_xlfn._xlws.FILTER(模板库!$H$2:$H$1000,(模板库!$B$2:$B$1000=操作台!$F$4)*(模板库!$E$2:$E$1000="item")),53),""),IF(OR(_xlpm.v="",_xlpm.v=0),"",_xlpm.v)),IF(操作台!$B$4="接龙导入",IFERROR(INDEX(计算区!$I$5:$I$25,53),""),""))} | H56: {=IF(操作台!$B$4="议程模板",_xlfn.LET(_xlpm.v,IFERROR(INDEX(_xlfn._xlws.FILTER(模板库!$I$2:$I$1000,(模板库!$B$2:$B$1000=操作台!$F$4)*(模板库!$E$2:$E$1000="item")),53),""),IF(OR(_xlpm.v="",_xlpm.v=0),"",_xlpm.v)),IF(操作台!$B$4="接龙导入","",""))} | I56: {=IF(操作台!$B$4="议程模板",_xlfn.LET(_xlpm.v,IFERROR(INDEX(_xlfn._xlws.FILTER(模板库!$J$2:$J$1000,(模板库!$B$2:$B$1000=操作台!$F$4)*(模板库!$E$2:$E$1000="item")),53),""),IF(OR(_xlpm.v="",_xlpm.v=0),"",_xlpm.v)),IF(操作台!$B$4="接龙导入",IFERROR(INDEX(计算区!$J$5:$J$25,53),""),""))} | J56: {=IF(操作台!$B$4="议程模板",_xlfn.LET(_xlpm.v,IFERROR(INDEX(_xlfn._xlws.FILTER(模板库!$K$2:$K$1000,(模板库!$B$2:$B$1000=操作台!$F$4)*(模板库!$E$2:$E$1000="item")),53),""),IF(OR(_xlpm.v="",_xlpm.v=0),"",_xlpm.v)),IF(操作台!$B$4="接龙导入",IFERROR(INDEX(计算区!$K$5:$K$25,53),""),""))} | K56: {=IF(操作台!$B$4="议程模板",_xlfn.LET(_xlpm.v,IFERROR(INDEX(_xlfn._xlws.FILTER(模板库!$L$2:$L$1000,(模板库!$B$2:$B$1000=操作台!$F$4)*(模板库!$E$2:$E$1000="item")),53),""),IF(OR(_xlpm.v="",_xlpm.v=0),"",_xlpm.v)),IF(操作台!$B$4="接龙导入",IFERROR(INDEX(计算区!$M$5:$M$25,53),""),""))} | Q56: =IF($B56="","",_xlfn.LET(_xlpm.m,IF($O56<>"",$O56,$J56),_xlpm.p,IF($P56<>"",$P56,IF($K56="","待定",$K56)),_xlpm.title,IF($L56<>"",$L56,$G56),_xlfn.TEXTJOIN("；",TRUE,IF(_xlpm.title="","缺少标题",""),IF(_xlpm.m="","缺少排程分钟",IF(NOT(ISNUMBER(_xlpm.m)),"排程分钟无效","")),IF(_xlpm.p="待定","负责人待定",""),IF(AND($A56>1,$F56=""),"前序排程中断","")))) | R56: =IF($B56="","",IF(OR($F56="",IF($O56<>"",NOT(ISNUMBER($O56)),NOT(ISNUMBER($J56)))),"",$F56+IF($O56<>"",$O56,$J56)/1440)) | S56: =IF($B56="",0,1) -> 0
